id,term,term_en,explanation
02.001,总布置,general arrangement,对全船的分舱、上层建筑、舱室、通道以及主要设备、装置等所作的全面规划和布置。
02.002,舱室布置,interior arrangement,又称“舱内布五”。对舱室内部的设备、装置和管系等所作的布置。
02.003,机舱布置,engine room arrangement,对机舱的主、辅机及其他设备﹑装置所作的布置。
02.004,梯道布置,stairway and passage way arrangernent,"为保证人.物在各层甲板及其.上、下之间能安全和顺利通行,对全船扶梯、通道所作的全面、统一的规划和布置。"
02.005,舱,compartment,"一般指主船体内部,由纵、横舱璧或其他构件分隔而成,供船上人员生活、工作或安置、存放、装载各种设备﹑物品、货物等的空间。"
02.006,舱室,space,船上一切围蔽空间的统称。
02.007,箱尖舱,fore peak,位于防撞舱壁以前的舱。
02.008,艉尖舱,afterpeak,位于昵部最后一道水密舱壁以后的舱。
02.009,底边舱,bottom side tank,"一般指散货船上,位于货舱底部两侧角隅处的舱。"
02.010,顶边舱,top side tank,"一般指散货船上,位于货舱顶部两侧角隅处的舱。"
02.011,边舱,wing tank,位于船侧的舱。
02.012,底舱,hold,最下层的舱。
02.013,双层底舱,double bottom tank,由内底板与船底外板构成的舱。
02.014,深舱,deep tank,"通常指舱的深度较深,用于储存液体的舱。"
02.015,甲板间舱,tweendeck space,通常指设置在两层甲板之间的舱。
02.016,空隔舱,cofferdam,"又称“隔离舱”。为避兔两个相邻舱所载的不同液体相互渗透或满足某些规范要求,而在其间设置的狭小隔离空间。"
02.017,罗经甲板,compass deck,在驾驶室顶上安装标准磁罗经的甲板。
02.018,驾驶甲板,navigation deck，bridge deck,布置有驾驶室的甲板。
02.019,艇甲板,boat deck,放置救生艇或工作锤及艇架的甲板。
02.020,游步甲板,promenade deck,为旅客散步提供较多活动面积的甲板。
02.021,起居甲板,accomnodation deck,主要布置起居舱室的甲板。
02.022,直升机甲板,helicopter deck,供直升机停故、起飞和降落的甲板。
02.023,上甲板,upper deck,从箭到艇的最上法连续甲板。
02.024,起货机平台,winch platform,安置起货机的平台。
02.025,通道,passage，alleyway,供人员通行或货物运输的过道。
02.026,内通道,interior alleyway,非敞露的通道。
02.027,外通道,exterior passage way,敞露的通道。
02.028,跳板,rarnp,联系船与码头的通道设备。
02.029,驾驶室,wheel house，navigation bridge,驾驶人员指挥和操纵船舶的舱室。
02.030,海图室,chart room,"设有海图桌和必要的航海仪器,进行海图作业和存放海图.航海日志以及有关航海资料的舱室。"
02.031,报务室,radio roorm,"安置无线电通信设备,进行对外通信联络的舱室。"
02.032,雷达室,radar room,安置并操作雷达发射和接收设备的舱室。
02.033,机舱,engine room,安置主机和辅机及其附属设备的舱。
02.034,机舱集控室,engine control room,安置主机和重要辅机的集中控制、测量和监视设备及必要的通信设施的舱室。
02.035,反应堆舱,reactor room,核动力船上安置核反应堆的舱。
02.036,锅炉舱,boiler room,安置锅炉及其附属设备的舱。
02.037,泵舱,pump room,安置泵的舱。
02.038,锚链舱,chain locker,储藏锚链的舱。
02.039,舵机舱,"steering engine room,steering gear room",安置舵机的舱。
02.040,通风机室,fan room,安置通风机及控制设备的舱室。
02.041,空调机室,air-conditioning unit room,安置空气调节设备及其控制器的舱室。
02.042,消防控制室,fire-control roon,安置全船消防和能紧急切断主辅机所有燃油源的控制设备的舱室。
02.043,应急发电机室,emergency generator room,安置应急发电机组及其控制设备的舱室。
02.044,蓄电池室,battery room,安置蓄电池的舱室。
02.045,货油控制室,cargo oil control room,油船上监控货油装卸、配载的舱室。
02.046,陀螺罗经室,gyrocompass room,安置陀螺罗经的主罗经及其附属设备的舱室。
02.047,桅室,mast room,设置在上甲板上，位于桅的周围或门型桅的两柱间的舱室。
02.048,声呐舱,sonar transducer space,"安置声呐升,降装置及能源转换设备的舱。"
02.049,计程仪舱,log roorn,安置计程仪的舱。
02.050,泡沫室,foam room,存放灭火泡沫剂和混合柜及其装置的舱室。
02.051,二氧化碳室,co-room,存放二氧化碳灭火装置的舱室。
02.052,测深仪舱,echo sounder room,安置测量船底与水底距离的仪器的舱。
02.053,机修间,work shop,修理各种机械设备用的舱室。
02.054,电工间,electrician's store,储存和检修电工器料的舱室。.
02.055,木工间,carpenter's store,木工作业和储存木工器材用的舱室。
02.056,储蔽室,store,船上各种供储藏物品的舱室的统称。
02.057,损管设备室,damage control equip-ment room,储存供船体损伤事故后堵漏和修理用的工具、设备的舱室。
02.058,油漆间,paint store,储藏油漆和油漆工具的舱室。
02.059,粮食库,provision store,储藏粮食的仓库。
02.060,冷藏库,refrigerating chamber,冷藏食品用的仓库。
02.061,冷冻机室,refrigerator room,安置冷冻机及其控制设备的舱室。
02.062,起居舱室,accommodation，livingquarter,"船上居住舱室，厨房﹑餐厅、盥洗室﹑浴室,厕所、娱乐场所等与人员生活有关的各种舱室的统称。"
02.063,居住舱室,cabin,船上人员住宿的舱室。
02.064,船长室,captain roorn,船长办公和住宿的舱室。
02.065,大副室,chief officer room,大副办公和住宿的舱室。
02.066,二副室,2nd officer room,二副办公和住宿的舱室。
02.067,三副室,3rd officer roorn,三副办公和住宿的舱室。
02.068,轮机长室,chief engineer room,轮机长办公和住宿的舱室。
02.069,大管轮室,1st engineer room,大管轮办公和住宿的舱室。
02.070,二管轮室,2nd engineer room,二管轮办公和住宿的舱室。
02.071,三管轮室,3rd engineer room,三管轮办公和住宿的舱室。
02.072,船员室,crew roorn,普通船员的居住舱室。
02.073,客舱,passenger cabin,"设有固定座位或铺位,专供旅客休息的舱室。"
02.074,货舱,"cargo hold,cargo space",装载货物的各种舱的统称。
02.075,货油舱,cargo oil tank,鞍毂散装油类货物的舱。
02.076,集装箱舱,container hold,专供装载集装箱的舱。
02.077,冷藏货舱,refrigerated cargo hold,专供装载冷藏货物的舱。
02.078,车辆舱,vehicle hold,装载车辆的舱。
02.079,液化天然气舱,liquified natural gas tank,装载液化天然气的舱。
02.080,液化石油气舱,liquified petroleum gas tank,装载液化石油气的舱。
02.081,邮件舱,mail room,装载邮件的舱。
02.082,行李舱,luggage room,装载旅客行李的舱。
02.083,液舱,liquid tank,储存燃油﹑滑油、压载水、淡水等各种船用液体的舱的统称。
02.084,燃油舱,fuel oil tank,储存燃油的舱。
02.085,滑油舱,lubricating oil tank,储存润滑油的舱。
02.086,溢油舱,overflow oil tank,储存从油舱通过溢流管溢出的油的舱。
02.087,污油舱,sludge tank，dirty oil tank,储存污油及污油水的舱。
02.088,压载水舱,ballast water tank,"用于注水加载来调整船的浮态和稳性,以改善船的航行性能的水舱。"
02.089,专用压载水舱,segregated ballast tank,"，SBT在货油舱区间的双壳体内设置供装压载水的舱。用以隔绝和保护货油和燃油系统,其容量必需满足有关公约或法规的要求。"
02.090,污液舱,slop tank,"又称“污油水舱”。油船上或散装运输有毒液体的液货船上,用以收集洗舱水和其他油性混合物或残余物和水混合物的舱。"
02.091,淡水舱,fresh water tank,储存淡水的舱。
02.092,饮水舱,drinking water tank,储存饮用水的舱。
02.093,锅炉水舱,feed water tank,储存锅炉用水的舱。
02.094,污水舱,bilge water tank,在船底部及两侧储存污水的舱。
02.095,循环滑油舱,circulating lubricatingoil iank,"位于主机底座下,为主机连续运转提供循环滑油的舱。"
02.096,全降落区标志,full landing area mark,"绘制在直升机起降平台或露天甲板上,表示能降落各种直升机和悬降安全区的图形符号。"
02.097,限制降落区标志,restricted landing area mark,"绘制在直升机起降平台或露天甲板上,表示仅能起降限定的直升机型和悬降安全的图形符号。"
02.098,悬降区标志,winching area mark,"绘制在直升机起降平台或露天甲板上,表示直升机仅能悬降作业的图形符号。"
02.099,船体型表面,molded hull surface,不包括船壳板及附体在内的船体外形的设计表面。
02.100,裸船体,"bare hull,naked hull",由船体型表面所围封的船体。
02.101,型排水体积,molded volume,任一水线面下，船舶裸船体所排开的水的体积。
02.102,附体,appendages,"水线以下突出于船体型表面以外的物体。包括轴包套、昵轴架﹑航轴﹑舵、螺旋桨﹑纰龙骨、方龙骨,减摇鳍﹑导流罩等,但不包括外板。"
02.103,主要要素,principal particulars,"船体主尺度、载重量.载客量、主机型号及其主要参数,航速﹑船员定额,续航力等的总称。"
02.104,中站面,midstation plane,"通过垂线间长或设计水线长的中点,并垂直于水平面的横向平面。"
02.105,基面,base plane,"通过龙骨线与中站面的交点,并垂直于中站面的水平面。"
02.106,中线面,center line plane,通过船体中线，并垂直于基面的纵向平面。
02.107,主坐标平面,principal coordinate planes,"由三个直角坐标轴组成,固定于船舶上的坐标平面。即基面、中线面和中站面。"
02.108,基线,base line,基面与中线面或横向垂直平面相交的直线。
02.109,主尺度,principal dimensions,"船体外形大小的基本免度,即船的长度、宽度、深度和吃水。"
02.110,总长,length overall,船舶最前端至最后端之间包括外板和两端永久性固定突出物(如顶推装置等)在内的水平距离。
02.111,垂线间长,length between perpen-diculars,箱垂线与昵垂线之间的水平距离。
02.112,水线长,waterline length,与基面相平行的任一水线平面与船体型表面媚舰端交点之间的水平距离。
02.113,设计水线长,designed waterline length,船舶处于设计状态时的水线长。
02.114,满毂水线长,load waterline length,船舶处于满载状态时的水线长。
02.115,型宽,rnolded breadth,一般指船体型表面之间垂直于中线面的最大水平距离。在水动力试验中特指设计水线上在船中处的宽度。
02.116,水线宽,waterline breadth,与基面相平行的任--水线平面处，船体型表面之间垂直于中线面的最大水平距离。
02.117,片体水线宽,waterline breadth of demihull for catamaran,双体船水线处片体宽度。
02.118,最大宽,exireme breadth,"指船舶包括外板和水久性固定突出物,如护舷材、水翼等在内,垂直于中线面的最大水平距离。"
02.119,型深,molded depth,"在鹤的中横剖面处,沿船舷自平板龙骨上缘至上层连续甲板横梁上缘的垂直距离;对甲板转角为圆弧形的船徵,则由平板龙骨上缘量至横梁上缘延伸线与助骨外缘延伸线的交点。"
02.120,吃水,draft，draught,泛指船体在水面以下的深度。
02.121,型吃水,molded draft,船舶中站处基面至水面之间的垂直距离。
02.122,设计吃水,designed draft,基面与设计水线平面间的垂直距离。
02.123,结构吃水,scantling draft,船体结构设计所依据的吃水。
02.124,躺吃水,fore draft,在航垂线处的型吃水。
02.125,候吃水,after draft,在蹴垂线处的型吃水。
02.126,平均吃水,mean draft,"缢吃水和航吃水的平均值。当有横倾时,则指左有舷测量值平均值。"
02.127,外形吃水,navigational draft,指包括任何附体或水线下突出物在内的船舶最低点至水面的垂直距离。
02.128,翼航吃水,foil borne draft,水翼艇在翼航状态时的吃水。即水翼底浸水深度。
02.129,龙骨净空,keel clearance,"水翼艇在翼航状态时,艇底离水面的平均净空高度。"
02.130,垫升船底净空,hovering hull clear-ance,"气垫船在垫升状态时,船底离开水面的净空高度。"
02.131,垫航吃水,hovering draft,侧璧式气垫船在垫升状态时的吃水。
02.132,船底净空,box clearance,小水线面船主船体底板离开水面的高度。
02.133,片体间距,demihull spacing,双体船片体中线之问的距离。
02.134,满载吃水,loaded draft,船舶处于满载排水量状态时的平均吃水。
02.135,空载吃水,light draft,"指船舶空载无货,但有船员、备品及燃料、水,粮食等消耗品时的吃水。"
02.136,吃水标志,draft mark,"在船的道,/及孵的两舷以数字和线条标明该处外形吃水值的标志。"
02.137,型线图,lines plan,在三个相互垂直的投影面上的剖切线、投影线和外廓线表示船体型表面形状的图样。三个视图分别为:以船体型表面及甲板舷墙等与各站的横向垂直平面的交线在正视方向的投影图为横剖线图;与中线面及其相平行的各纵向垂直平面的交线在侧视方向的投影图为纵剖线图;以船体型表面与对称于中线面…舷平行于基面的各水线面的交线及甲板边线舷墙顶线在俯视方向的投彰图为半宽水线图。
02.138,箱垂线,forward perpendicular,的柱前缘与设计水线交点处的垂线。
02.139,艉垂线,after perpendicular,舵柱后缘与设计水线交点的垂线。对无舵柱船舶为舵杆中心线。
02.140,格子线,grid,"在型线图中,由基线.水线,站线、纵剖线、中心线,半宽边框线等水平线和垂直线组成的矩形格子。"
02.141,站,ordinate station,"在型线图中,沿基线将垂线间长或设计水线长分成若干闭距的各点,及其在半宽水线图上沿中线面的相应投影点。"
02.142,中站,rnidstation,位于垂线闼长或设计水线长中点处的站。
02.143,站线,station ordinates,在型线图中通过各站点并垂直于基线和中心线的直线。
02.144,型线,molded lines,"船体型表面及有关附体型表面的外廓线,投影线及与剖切平面的交线。"
02.145,数学型线,mathematical 1ines,采用数学公式表示的船体型线。
02.146,型值,offsets,决定型线空间位置的各点坐标值。
02.147,型值表,table of offsets,用以表达型值的表或表册。
02.148,横剖面,transverse sections,以平行于中站面的平面剖切裸船体或船体所形成的韵面。
02.149,中横剖面,midship section,位于中站处的横剖面。
02.150,最大横剖面,maximuni section,横剂面中型值最大的剖面。
02.151,水线面,water plane,由水线所围封的平面。
02.152,中纵剖面,longitudinal section in center plane,以中线面剖切裸船体或船体所形成的剖面。
02.153,纵剖线,buitocks,平行于中线面的平面与船体型表面的交线。
02.154,横剖线,body lines,平行于中站面的平面与船体型表面的交线。
02.155,斜剖线,diagonal,"斜交于基面和中线面,但垂直于中站面的斜平面与船体型表面的交线。"
02.156,外廓线,profile,中线面与船体型表面的交线。
02.157,水线,waterline,在任何吃水及倾斜情况下、水面与船体型表面的交线。
02.158,设计水线,designed waterline,船舶在预期设计状态自由正浮于静水上时，船体型表面与水面的交线。也即对应于设计排水量的水线。
02.159,满载水线,loaded waterline,"船舶在满载状态自由正浮于静水中时,船体型表面与水面的交线。也即对应于满载排水量的水线。"
02.160,甲板线,deck line,甲板边线和甲板中线的统称。
02.161,甲板边线,deck side line,"甲板型表面的边缘线,对于甲板舷边圆弧形的金属船体,则指横梁上缘延伸线与肋骨外缘延伸线之交点的连接线。"
02.162,甲板中线,deck center line,甲板型表面与中线面的交线。
02.163,舷弧,sheer,甲板边线在中纵剖面上投影的纵向曲度。其值以各站处甲板边线与型深的高度差表示。
02.164,梁拱,camber,"在船的中横剖面处甲板的横向拱度,其值以甲板中线与甲板边线的高度差表示。"
02.165,梁拱线,camber curve,"具有梁拱的甲板,横向垂直平面与甲板型表面的交线。"
02.166,批,bilge,"指船底和船舷之间的连接部分。呈圆弧的纰称“圆杂"";呈尖角的纰称“尖批”。"
02.167,批部升高,deadrise,"在最大横剖面上,自船底斜升线与舷侧切线的交点至基面的垂直距离。"
02.168,批部半径,bilge radius,"纰部呈圆弧形时,最大横剖面上纰部的圆弧半径。"
02.169,龙骨线,keel line,"船体型表面的底部与中线面的交线。对于木质船舶,为龙骨槽口下缘线在中线面上的投影线。"
02.170,龙骨设计斜度,rake of keel,龙骨线呈直线时与设计水线的纵向斜度。其值以龙骨线的延伸线与赠艉垂线的两交点距设计水线的高度差表示。
02.171,龙骨折角线,"knuckle line of keel,chine line of keel","船底具有纰部升高时,各横向垂直平面上平板龙骨板的折角点在船体型表面上形成的纵向连线。"
02.172,龙骨水平半宽,half-siding,中线面与龙骨折角线之间水平距离。对具有方龙骨的船为方龙骨半宽。
02.173,折角线,knuckle line,船体表面或船体结构曲度突变呈折角而形成的今角交线。
02.174,隧道顶线,tunnel top line,隧道型舰的船舶通过轴中心线并垂直于基面的平面与船体型表面底部的交线。
02.175,内倾,tumble home,设计水线以上船长中部舷侧表面向内的倾斜距离。其值以最大横剖面上自横梁上缘线与肋骨外缘线之交点距中线面的水平距离与设计水线半宽值之差表示。
02.176,外倾,flare,设计水线以上斛部舷侧表面向外的倾斜距离。其值以最大横剖面上自横梁上缘线与肋骨外缘线之交点距中线面的水平距离与设计水线半宽值之差表示。
02.177,外飘,flare,指设计水线以上道部舷侧表面向外的倾斜。
02.178,方艉浸宽,immersed transom beam,方舰端面在设计水线处的宽度。
02.179,方艉浸深,irnmersed transom draft,方昵端面最低点至设计水线之间的垂直距离。
02.180,船型系数,coefficients of form,用以表示船体线型肥瘦特征的各种无量纲系数的统称。
02.181,方形系数,block coefficient,"与基面相平行的任一水线面下,型排水体积与其相对应的水线长、水线宽、平均型吃水的乘积之比。其中长和宽常用垂线间长和满载水线宽。"
02.182,棱形系数,prismatic coefficient,"与基面相平行的任一水线面下,型排水体积与其相对应的水线长﹑最大横剖面面积的乘积之比。其中长常用垂线间长。"
02.183,垂向棱形系数,vertical prisnatic co-efficient,"与基面相平行的任一水线面下,型排水体积与其相对应的水线面面积、平均型吃水的乘积之比。"
02.184,水线面系数,waterline coefficient,"与基面相平行的任一水线面的型面积与相对应的水线长,水线宽的乘积之比,其中长和宽常用垂线间长和满载水线宽。"
02.185,中横剖面系数,midship section co-efficient,"与基面相平行的任一水线面下,中横剖面面积与相对应的水线宽和吃水的乘积之比。其中宽常用满载水线宽。"
02.186,最大横剖面系数,maximun trans-verse section coefficient,"与基面相平行的任一水线面下,最大横剖面面积与其相对应的水线宽和吃水的乘积之比。其中宽常用满载水线宽。"
02.187,主尺度比,dimension ratio,船体主尺度比值的统称。
02.188,长宽比,length breadth ratio,垂线间长与设计水线宽之比值。
02.189,长深比,length depth ratio,垂线间长与型深之比值。
02.190,宽深比,breadth depth ratio,型宽与型深之比值。
02.191,宽度吃水比,breadth draft ratio,设计水线宽与设计吃水之比值。
02.192,长度吃水比,length draft ratio,垂线间长与设计吃水之比值。
02.193,吃水型深比,draft depth ratio,设计吃水与型深之比值。
02.194,前体,fore body,中横剖面前的船体部分。
02.195,后体,after body,中横剖面后的船体部分。
02.196,水线平行段,parallel waterline,平行于中线面的设计水线中部线段。
02.197,水线前段,waterline beginning,水线平行段以前的设计水线前部线段。
02.198,水线后段,waterline ending,水线平行段以后的设计水线后部线段。
02.199,平行中体,parallel middle body,设计水线面下具有同样横剖面的船体部分。
02.200,进流段,entrance,"设计水线面下,最大横剖面或平行中体前端到船体最前端的部分。"
02.201,去流段,run,设计水线面下，最大横剖面或平行中体后端到船体最后端的部分。
02.202,肩,shoulder,"指进流段或去流段紧邻平行中体的部分,与进流段紧邻部分称“前肩”、与去流段紧邻部分称“后肩”。"
02.203,半进流角,half angle of entrance,设计水线前端处的切线与中线面的夹角
02.204,方航端面,transom,方睨船体的艇端型表面。
02.205,艏踵,forefoot,脑柱与龙骨连接的部分。
02.206,艉踵,aftfoot,舰柱与龙骨连接的部分。
02.207,轴包套,( longbossing,)”。
02.208,轴架,"propeller shaft bracket,propeller struts，A-bracket","又称""人字架”。装在船体外面的舰轴支架。"
02.209,艉鳍,deadwood skeg,"俗称“呆木”。位于船尾底部中线面上或在其两侧,供坐坞和提高直线航行稳定性的船体鳍状部分。"
02.210,双舰鳍,twin-skeg,"双桨船为提高伴流及降低黏压阻力,从船体后半体沿推进器轴方向做成的两个单体;或沿推进器轴方向,顺流线做成的联接在船体上的鳍状凸体,推进器轴从中穿出。"
02.211,前倾型箱,raked bow,柱侧形呈直线前倾或接近直线前倾型式的眉部。
02.212,直立型箱,vertical bow,"道柱侧形与道垂线重台或接近重合,呈直线型式的的部。"
02.213,破冰型风,icebreaker bow,设计水线以下航柱侧形与基面成夹角型式的腈部。
02.214,球鼻船,bulbous bow,设计水线平面以下呈球鼻形的航部。
02.215,椭圆解,elliptical stern,"具有较短的能伸部,折角线以上呈椭圆体向上扩大,折角线以下与船体底部线形相连续的能部。"
02.216,方锅,transom stern,"设计水线面以上艇端面为平面或微凸的曲面且与中线面垂直相交,并与外板成折角相交的服部。"
02.217,巡洋舰解,cruiser stern,解部侧形显凸形，满载水线具有较长的延伸部的昵部。
02.218,隧道程,tunnel stern,"为提高推进效率,增大螺旋桨直径,将螺旋桨所在处船体底部线型局部设计成⒆道状拱形曲面,并向前延伸与相邻的船体型表面平顺连接的民部。"
02.219,球形程,bulbous stern,"为增大伴流提高船身效率及改善伴流分布的不均匀性,在推进器轴出口处剖面接近圆形或卵圆形并向前延伸与相邻的船体表面平顺连接的昵部。"
02.220,球漩型剖面,bulb section,航或艉在设计水线以下局部呈球形薇出的横剖面。
02.221,型剖面,U-section,"底部近似弧形而舷侧明显趋于垂直,如同U字形的横剖面。"
02.222,型剖面,V-section,"底部相对尖瘦而舷侧明显呈直线外倾,如同V字形的横剖面。"
02.223,气垫面积,cushion area,气垫船的气垫部分在基面上的投影面积。
02.224,排水量,displacement,船舶或物体自由浮于水中且保持静态平衡时所排开水的重量。
02.225,型排水量,molded displacement,任一水线下，船舶型排水体积的排水址。
02.226,总排水量,total displacement,"任一水线下,型排水量与附体的排水量的总和。对于金属船体尚应包括外板的排水量在内。"
02.227,空船重量,light weight,船舶裴备齐全但无装载时的重量。
02.228,满载排水量,full load displacement,船舶最大装载时的排水量。
02.229,设计排水量,designed displacernent,设计吃水时船舶的总排水量。
02.230,储备排水量,displacement margin,船舶设计时预先计入设计排水量中的一项备用量。
02.231,载重量,deadweight,船舶允许装载的可变载荷的最大值。此值为满载排水量与空船重量的差值。
02.232,载货量,cargo dead weight,载重址中允许装载货物的最大值。
02.233,有酬载荷,payload,"商用船舶装载客、货,可以计费的载重量。"
02.234,载重量系数,deadweight displace-ment ratio,载重量与满载排水址的比值。
02.235,压载,ballast,专门用来改变船舶的浮态和重心位置的固体物和液体物的总称。
02.236,干舷,freeboard,按载重线规范定义的船长中点处，自该规范的甲板线上边缘重至相关载重水线之间的垂直距离。
02.237,千舷甲板,freeboard deck,用以计算干舷的基准甲板。
02.238,载重线,loadine,"按载重线规范,根据船舶航行的区带、区域和季节期而定的载重水线。"
02.239,载重线标志,loadline mark,"按载重线规范计算和规定的式样,勘绘于船体两舷中部的载重水线的标志。"
02.240,载重量标尺,t,"至满载排水量之间,标有平均吃水及与其对应的总排水量﹑载重量,每厘米吃水吨数以及载重线标志的图表。"
02.241,液舱容积,tank capacity,液舱中扣除骨架后的容积。
02.242,货舱容积,cargo capacity,货舱散装舱容和包装舱容的统称。
02.243,散装舱容,grain cargo capacity,货舱中扣除骨架后的容积。
02.244,包装舱容,bale cargo capacity,装载包装货物时货舱所能提供的最大容积。
02.245,膨胀容积,allowance for expansion,考虑液体因温升发生体积膨胀等情况而在液体舱柜里留出的相应空间容积。
02.246,容积曲线,capacity curve,液舱、货舱等舱框的容积及几何形心位置随其不同装载高度而变化的曲线。
02.247,舱容图,capacity plan,绘有全船各货舱、液舱等舱柜的布置位置，并标明各舱柜的容积及其几何形心位置的图。
02.248,积载,stowage,对货物在船上所作的王确合理的配置与堆装。
02.249,积载因数,stowage factor,积载每吨货物所占据的立方米容积。
02.250,全船积载因数,ship's stowage factor,全船的货舱容积与载货量之比。
02.251,吨位,tonnage,按吨位规范丈量核定的船舶容积。
02.252,总吨位,gross tonnage,按吨位规范丈量核定的船舶总容积。
02.253,净吨位,net tonnage,按吨位规范丈量核定的有效容积。
02.254,苏伊士运河吨位,Suez canal ton-nage,按苏伊士运河当局规定的规范丈量核定的吨位。
02.255,巴拿马运河吨位,Panama canal ton-nage,按巴拿马运河当局规定的规范丈址核定的吨位。
02.256,吨位丈量,tonnage measurement,为核定船舶的吨位所进行的丈文和计算。
02.257,围蔽处所,enclosed spaces,"吨位丈量中,除永久的或可移动的天棚外，由船壳固定的或可移动的隔壁、甲板或盖板所围成的所有处所。"
02.258,免除处所,excluded spaces,"按吨位规范,吨位丈量中不列入围蔽处所内的处所。"
03.001,浮性,buoyancy,船舶在各种载重状态下保持一定浮态的性能。
03.002,浮态,floating condition,船舶在静水中的平衡状态。
03.003,正浮,floating on even keel，zero trim,船舶无横倾和纵倾时的浮态。
03.004,横倾,list，heel,船舶左右舷具有吃水差的浮态。
03.005,横倾角,angle of list，angle of heel,船舶在有横倾时的水线面与正浮时水线面之间的夹角。
03.006,纵倾,trim,船舶实际水线纵向不平行于基线时的浮态。
03.007,纵倾角,angle of trim,船舶在有纵倾时的水线面与正浮时水线面之间的夹角。
03.008,关倾,trim by bow,以基线为基准的羞吃水大于舰吃水的纵倾状态。
03.009,娓倾,trim by stern,以基线为基准的舰吃水大于航吃水的纵倾状态。
03.010,纵倾调整,trim adjustment,调整船舶在各种装载状态下具有合适的航、航吃水。
03.011,浮力,buoyancy force,作用于船舶浸水外表面上的静水压力之垂向分力的合力。
03.012,损失浮力,lost buoyancy,船舶破损进水后对应丁于破损前所失去的浮力。
03.013,储备浮力,reserve buoyancy,船舶设计水线面以上船体水密部分的体积所能提供的浮力。
03.014,浮心,center of buoyancy,船舶排水体积的形心。
03.015,漂心,center of floatation,船舶水线面的形心。
03.016,重心,center of gravity,船舶各部分重力的合力的作用点。
03.017,静水力曲线,hydrostatic curve,表示船舶正浮状态时的浮性要素.韧稳性要素和船型系数等与吃水间关系的各曲线的总称。
03.018,邦戎曲线,Bonjean's curves,"在型线图各站线上,以吃水为纵坐标,相应的横剖面面积及其对基平面的力矩为横坐标绘制的两组曲线。"
03.019,横剖面面积曲线,curve of sectional areas,表示设计水线面以下各横剖面面积沿船长分布的曲线。
03.020,费尔索夫图谱,Firsov's diagram,"以腊吃水为横坐标,鲲吃水为纵坐标,绘有等排水体积和等浮心纵向坐标两组曲线的图谱。"
03.021,水线面面积曲线,curve of areas of waterplanes,船舶水线面面积和吃水的关系曲线。
03.022,每厘米吃水吨数曲线,1cm,引起排水量的变化吨数与吃水的关系曲线。
03.023,每厘米纵倾力矩曲线,1cm,所需的力矩与吃水的关系曲线。
03.024,型排水体积曲线,curve of molded displaced volumes versus draft,船舶型排水体积与吃水的关系曲线。
03.025,总排水量曲线,total displacement curve,船舶总排水量与吃水的关系曲线。
03.026,稳性,stability,又称“复原性”。船知在外力作用消除后恢复其原平衡位置的性能。
03.027,横稳性,transverse stability,船舶横倾时的稳性。
03.028,纵稳性,longitudinal stability,船舶纵倾时的稳性。
03.029,初稳性,initial stability,船舶作小角度倾斜时的稳性。
03.030,静稳性,statical stability,"在静态外力作用下,不计及倾斜角速度的稳性。"
03.031,动稳性,dynamical stability,在动态外力作用下，计及倾斜角速度的稳性。
03.032,破舱稳性,damaged stability,船舶破损进水后的剩余稳性。
03.033,大倾角稳性,stability at large angle,船舶作大角度横向倾斜时的稳性。
03.034,复原力矩,"righting moment,restoring moment","船舶在外力作用倾斜时,重力和浮力使船恢复正态所形成的力矩。"
03.035,复原力臂,rigbting lever，restoring lever,重心至船舶倾斜后浮力作用线的距离。
03.036,稳性衡准数,stability criterion numeral,船舶倾覆力矩与规定的倾斜力矩的比值。
03.037,横倾力矩,heeling rmorment,使船舶产生横倾的外力矩。
03.038,纵倾力矩,trimming moment,使船舶产生纵倾的外力矩。
03.039,最小倾覆力矩,capsizing moment,使船舶倾覆的最小外力矩。
03.040,风压倾斜力矩,wind heeling moment,由风力作用使船舶倾斜的外力矩。
03.041,计算风力作用力臂,rated wind pressure lever,船舶正浮时受风面积中心到假定水动力中心的垂向距离。
03.042,稳心,metacenter,船舶浮心曲线的曲率中心。
03.043,横稳心,transverse metacenter,船舶横倾时的稳心。
03.044,纵稳心,longitudinal metacenter,船舶纵倾时的稳心。
03.045,稳心半径,rmetacentric radius,船舶浮心曲线的曲率半径。船舶横向倾斜时的稳心半径称横稳心半径;船舶纵向倾斜时的稳心半径称纵稳心半径。
03.046,稳心曲线,locus of metacenters,稳心的轨迹曲线。
03.047,重稳距,metacentric height,"又称“稳心高”,“稳性高”。船舶稳心与重心之间的垂向距离。"
03.048,初重稳距,initial metacentric height,船舶正浮或小角度倾斜时横稳心与重心之间的垂向距离。
03.049,修正后初重稳距,virtual initial rmetacentric height,经过自由液面修正和其他修正后的重稳距。
03.050,静稳性曲线,statical stability curve,"船舶于某装载情况下,复原力臂(矩)与横倾角的关系曲线。"
03.051,稳性消失角,angle of vanishing stability,静稳性曲线图上复原力臂超过最大值后降低为零时所对应的横倾角。
03.052,最大复原力臂角,angle of maximum righting lever,静稳性曲线图上复原力臂最大值所对应的横倾角。
03.053,动稳性曲线,curve of dynarnical stability,"复原力矩所做的功与横倾角的关系曲线,即静稳性曲线的积分曲线。"
03.054,动横倾角,dynamical heeling angle,"船舶在动态外力作用下,外力矩所做的功等于复原力矩所消耗的功时产生的横倾角。"
03.055,动倾覆角,dynarnical upsetting angle,最小倾覆力矩所对应的动横倾角。
03.056,形状稳性力臂曲线,cross curves of stability,一组对应于一定横倾角的形状稳性力臂和型排水体积的关系曲线。
03.057,自由液面,free surface,"船舶倾斜时,舱框内液体能自由流动的液面。"
03.058,自由液面修正,free surface correction,由于自由液面的影响而对船舶稳性所作的修正。
03.059,进水角,flooding angle,"船舶横向倾斜,当舷外水开始由开口进入船内时的横倾角。"
03.060,极限重心垂向坐标曲线,curve of limiting positions of center of gravity,"在符合稳性规范要求的条件下,以各排水量为横坐标,船舶重心至基线最大距离允许值为纵坐标的关系曲线。"
03.061,不沉性,insubmersibility,又称“抗沉性”。船舶破损浸水后仍保持一定浮态和稳性的能力。
03.062,水密分舱,watertight subdivision,"利用水密舱壁将船分隔为若干水密舱室,以满足船舶不沉性的要求。"
03.063,容积渗透率,volume permeability,"船舶破损后,舱室在限界线下被水漫占的容积与其总容积的比率。"
03.064,面积渗透率,surface pertneability,"船舶破损后,舱室实际浸水的水表面面积与该表面处的总面积的比率。"
03.065,业务衡准数,criterion of service numeral,按规范表示客船营运特征的数值。
03.066,分舱因数,factor of subdivision,"由船长和船舶的业务衡准数决定的,用以确定许可舱长的因数。"
03.067,可浸长度,floodable length,"船上某点的可浸长度是指沿船长方向上,以该点为中心的舱在规定的分舱载重线和渗透率情况下破损进水后,船不致淹过限界线的最大允许舱长。"
03.068,许可舱长,permissible length,船舶各处主水密舱舱长中点处的可浸长度和分舱因数的乘积。
03.069,破舱水线,flood waterline,船舶破损没水后的水线。
03.070,损失水线面面积,lost waterplane area,船破损浸水后水线面浸水部分的面积。
03.071,分舱吃水,subdivision draft,在决定船舶分舱时所用的吃水。
03.072,分舱载重线,subdivision loadline,在决定船舶分舱时所用的水线。
03.073,最深分舱载重线,deepest subdivision loadline,相应于分舱要求所允许的最大吃水的水线。
03.074,限界线,76mm,"处,并平行于甲板边线的-根限制线。"
03.075,对称浸水,symmetrical flooding,船破损后假定船内左右两舷对称位置上等塘的浸水。
03.076,不对称漫水,unsymnetrical flooding,船内左右两侧不对称的浸水。
03.077,扶正注水,counter flooding,有选择地向舱柜注水以减少由于不对称浸水而造成船舶过大倾斜的措施。
03.078,船舶快速性,ship resistance and performance,表征船舶在规定的主机功率情况下于静水中达到一定航速的能力。
03.079,船舶阻力,ship resistance,"船舶运动过程中,流体作用于船体上、阻止其运动的力。"
03.080,湿面积,wetted surface,浸没在水中的船体表面面积。
03.081,滑行艇底面积,planing bottom area,滑行艇在静水中滑行底部(包括防溅条)的水平投影面积。
03.082,滑行航态湿面积,wetted area underway of planning hull,滑行艇在滑行航态时由底部的随边.折角线和喷溅根线所围的浸水面积。
03.083,航速,ship speed,船舶在静水中单位时间内对地直线航行的距离。
03.084,拖曳航速,towing speed,船舶被拖曳或船舶拖曳他船(物)时的航速。
03.085,自由航速,free running speed,船舶不拖曳他船(物)时的航速。
03.086,设计航速,design speed,船舶设计时要求达到的航速。
03.087,服务航速,service speed,运输船舶在一定海况及主机营运工况下经常使用的航速。
03.088,试航速度,trial speed,船舶在规定的试航条件下所澜定的航速。
03.089,总阻力,total resistance,船舶在静水直线匀速航行时受到摩擦阻力、兴波阻力.黏压阻力等各种水阻力之总和。
03.090,摩擦阻力,frictional resistance,流体流经物体时由流体切应力的合力所形成的阻力。
03.091,黏性阻力,viscous resistance,"流体流经物体时,由于黏性作用所形成的阻力。"
03.092,压阻力,pressure resistance,流体流经物体时由流体法向力的合力所形成的阻力。
03.093,黏压阻力,viscous pressure resistance,"流体流经物体时,由于黏性所引起的压力差而形成的阻力。"
03.094,兴波阻力,wave making resistance,"船舶航行时兴起的重力波使船体周围的压力分布发生改变所形成的阻力,或船舶航行时兴起重力波所消耗的能量形成的阻力。"
03.095,波型阻力,wave pattern resistance,用测量波型的方法所求得的部分兴波阻力。
03.096,空气阻力,air resistance,船舶水上部分由于与空气相对运动所形成的阻力。
03.097,附体阻力,appendage resistance,船的附体所引起的相对于裸船体阻力的增值。
03.098,尾流阻力,resistance of trailing strearn,用测量尾流中动量损失的方法所求得的阻力。
03.099,飞溅阻力,spray resistance,"高速船航行时,由于产生飞溅所消耗的能量而形成的阻力。"
03.100,汹涛阻力,rough-sea resistance,船舶航行于风浪中较在静水中所增加的阻力。
03.101,浅水阻力,shallow water resistance,船在浅水区航行所受到的水阻力。
03.102,浅水效应,shallow wafer effect,"在浅水中,由于船与水的相对速度增大以及船型渡变为浅水波等影响,使航行状态和受力状况改变的作用。"
03.103,限制航道阻力,restricted water resistance,"船在限制航道区域航行时,由于航道限止所受到的水阻力。"
03.104,粗糙度阻力,roughness resistance,由于船体表面凹凸不平而增加的黏性阻力与水力光滑表面的黏性阻力之差。
03.105,江面坡度阻力,drag due to surface slope,船在具有坡度的江面逆水航行时其重力沿江面的分力。
03.106,江面坡度推力,push due to surface slope,船在具有坡度的江.面顺水航行时其重力沿江面的分力。
03.107,阻力系数,resistance coefficient,用阻力与动压强和湿面积乘积的比值表示阻力特征的无量纲系数。
03.108,形状系数,form coefficient,船体黏压阻力系数与相当于平板的摩擦阻力系数的比值。
03.109,续航力,endurance,"船舶一次装足燃油、滑油和淡水等,按规定的装载和海况条件,以规定航速航行所能达到的最大矩离。"
03.110,海军系数,Admiralty coefficient,用以估算船舶主机功率或比较类似船舶快速性的系数。
03.111,污底,fouling,船体浸水表面由于附生藻类、贝类等生物，使粗糙度增加的现象。
03.112,自航因子,self-propulsion factor,在自航试验状态下船模与螺旋桨之间相互影响的参数。
03.113,推力减额,thrust deduction,在一定航速下.船后螺旋桨发出的推力( T)与船被拖曳时的总阻力(R)之差额。
03.114,推力减额分数,thrust deduction fraction,推力减额(△T)与螺旋桨推力(T)的比值。
03.115,推力减额因数,(Rr,)与螺旋桨推力(T)的比值。
03.116,伴流,wake,"船舶航行时,其附近的水受船体影响而产生的伴随在船体周围流动的水流。"
03.117,标称伴流,nominal wake,在船尾桨面处未受螺旋桨影响的轴向伴流。
03.118,实效伴流,effective wake,根据船模自航试验和螺旋桨敞水试验的结果在同转速、等推力(或转距)情况下求出船模航速与螺旋桨进速之差所确定的伴流。
03.119,伴流分数,( u,)的比值。
03.120,伴流因数,( u,)的比值。
03.121,有效推力,effective thrust,"螺旋桨发出的推力(丁)与推力减额(△T)之差,即相当于用于克服船的总阻力的那部分推力。"
03.122,推力功率,thrust power,螺旋桨推力发出的推动船舶航行的功率。
03.123,有效功率,effective power,船在静水中直线匀速航行时克服水阻力所需的功率。
03.124,收到功率,delivered power,螺旋桨收到从主机发出并经轴系传来的功率。
03.125,推进系数,(Pn,)的比值。
03.126,推进效率,(Pz,")与收到功率( P,)的比值。"
03.127,船后推进器效率,propulsive efficiency behind ship,推进器在船后工作时的推力功率(P+)与收到功率(P。)的比值。
03.128,船身效率,(Pr,)的比值。
03.129,相对旋转效率,(a,)与其敞水效率()的比值。
03.130,船舶推进,ship propulsion,研究推进器驱船前进的作用原理及其水动力性能和船体与推进器问的相互影响以及推进器空泡所引起的一系列问题，提供设计性能优良的推进器的一门学科。
03.131,推进器,propeller，propulsor,由各种动力源驱动的推船前进的各种机构的总称。
03.132,螺旋桨,screw propeller,"两个或多个叶片与毂相连,其叶面为螺旋面或近似螺旋面的船用推进器。"
03.133,右旋,right-hand turning,"自船尾问膳看,螺旋桨推船前进时为顺时针的旋向。"
03.134,左旋,left-hand turning,自船尾向航看，螺旋桨推船前进时为逆时针的旋向。
03.135,内旋,inward turning,"多桨船前进时,边螺旋柴上部向船中线面的旋向。"
03.136,外旋,outward turning,"多桨船前进时,边螺旋桨下部向船中线面的旋向。"
03.137,螺旋奖直径,diameter of propeller,"螺旋桨旋转时,其叶梢轨迹圆的直径。"
03.138,螺旋桨盘,propeller disc,"在螺旋浆平面内,以螺旋浆中点为圆心,以螺旋桨半径为半径的圆面。"
03.139,螺旋桨盘面积,propeller disc area,螺旋桨盘的面积。
03.140,螺旋桨基准线,propeller reference line,"在视图和侧视图上垂直于螺旋桨轴线的直线,作为螺旋桨制图时的垂向基准线。"
03.141,螺旋桨中点,center of propeller,螺旋桨基准线与螺旋桨轴线之交点。
03.142,螺旋桨平面,propeller plan,通过螺旋桨中点且垂直于轴线的平面。
03.143,桨毂,hub，boss,安置螺旋桨叶并将其套接于航轴端的螺旋桨筒状部分。
03.144,毂径,hub diameter ratio,毂径与螺旋桨直径之比值。
03.146,毂长,hub length,在螺旋桨轴线方向上毂的长度。
03.147,桨叶,blade,呈辐射状安置于毂上的叶状部分。
03.148,最大叶宽,maxinum width of blade,螺旋案叶展开或伸张轮廓的最大宽度。
03.149,最大叶宽比,maximum blade width ratio,最大叶宽与螺旋桨直径之比值。
03.150,平均叶宽,mean blade width,螺旋桨叶的展开或伸张面积除以螺旋桨叶长度之商。
03.151,平均叶宽比,mean blade width ratio,平均叶宽与螺旋桨直径之比值。
03.152,叶面,face of blade,"船前进时,螺旋桨叶朝向船后方的一面。亦即产生压力的一面。"
03.153,叶背,back of blade,"船前进时,螺旋桨叶朝向船前方的一面。亦即产生吸力的一面。"
03.154,母线,generating line,"螺旋面与由螺旋桨轴线及螺旋桨基准线所确定的平面之交线。在正视图上与螺旋桨基准线相重合,在侧视图上有时与叶面参考线重合。"
03.155,叶面参考线,blade reference line,"在螺旋桨图上据以确定各半径处导边和随边位置的线。有时与母线重合,亦可以各叶切面的弦长中点或最大厚度处或其他适宜的点的连线作为叶面参考线。"
03.156,面节线,face pitch line,表示螺旋桨某一半径处叶切面方向的直线，即将该处螺旋线伸开的直线。对机翼型切面系指平行于头尾线与叶面相切的直线;对月牙型切面则为连接切面导边与随边之直线。
03.157,螺距,pitch,"一定半径处母线上一点绕轴线一周,沿轴向前进的距离。若螺旋桨叶面为等螺旋面者，此距即为螺旋浆的螺距。"
03.158,面螺距,face pitch,"叶切面展开后其面部为直线或大部为直线时,其面部螺旋线的螺距。"
03.159,等螺距,constant pitch,螺旋桨叶面的螺距在不同半径处皆相等时称为等螺距。
03.160,变螺距,variable pitch,螺旋桨叶面的螺距在所有半径处均不相同时称为变螺距。
03.161,螺距比,pitch ratio,螺旋桨的螺距与直径之比值。
03.162,螺距角,pitch angle,螺旋桨叶于一定半径处的面节线与垂直于轴线之平面间的夹角。
03.163,叶根,blade root,螺旋桨叶与毂相连的部分。
03.164,根厚,root thickness,螺旋桨叶根处略去填角后的切面最大厚度。
03.165,轴线上叶厚,blade thickness on axial line,螺旋桨叶切面的最大厚度沿半径的分布线延长至轴线上所得到的假想厚度。
03.166,叶厚比,blade thickness ratio,轴线上叶厚与螺旋桨直径之比值。
03.167,叶梢,blade tip,螺旋桨叶距轴线最远处。
03.168,叶端,blade end,大侧斜螺旋桨叶轮廓之尖端。
03.169,梢厚,blade tip thickness,"叶梢的最大厚度。在叶梢部叶背削薄者,则取假定叶背未被削薄的厚度。"
03.170,梢隙,blade tip clearance,"螺旋桨旋转时,叶梢与船体间的最小距离。对导管推进器,则指叶梢与导管内壁间的最小间隙。"
03.171,导边,leading edge,推船前进时螺旋桨叶的前缘。
03.172,随边,trailing edge,推船前进时螺旋桨叶的后缘。
03.173,纵斜,rake,"在叶梢处母线与螺旋桨平面间的距离,以向后为正。"
03.174,螺旋桨纵倾角,rake angle of propeller,"在螺旋桨侧视图上,母线与螺旋桨基准线间的夹角,以向后为正。"
03.175,侧斜,skew back,在螺旋桨正视图上母线至叶面参考线间的距离。
03.176,侧斜角,skew angle,"在螺旋桨平面内,任一半径处的叶面参考线转到母线位置的角位移。通常以叶梢处的角位移作为螺旋桨的侧斜角。"
03.177,投影轮廓,projected outline,螺旋桨叶边缘在垂直于桨轴线平面上的投影。
03.178,展开轮廓,developed outline,将螺旋桨叶面近似地展开于垂直于轴线平面上的投影。
03.179,伸张轮廓,expended outline,"在螺旋桨正视图上,将叶切面在母线两侧部分的弦长分别置于相应半径的水平线上,连接各弦长端点所构成的轮廓。"
03.180,叶侧投影,side projection of blade,螺旋来边缘在侧视图上的投影。
03.181,叶侧投影限界,limit of side projection of blade,"螺旋桨旋转时,在侧视图上各半径处叶切面的边缘在相应半径之水平线上投影点之包络线。"
03.182,投影面积,projected area,螺旋桨各叶投影轮廓内的面积之和。
03.183,展开面积,developed area,螺旋桨各叶展开轮廓内的面积之和。
03.184,伸张面积,expended area,螺旋桨各叶伸张轮廓内的面积之和。
03.185,投影面积比,projected area ratio,投影面积与盘面积之比值。
03.186,展开面积比,developed area ratio,展开面积与盘面积之比值。
03.187,伸张面积比,expended area ratio,伸张面积与盘面积之比值。
03.188,叶面比,blade area ratio,展开面积比或伸张面积之比的统称。
03.189,叶切面,blade section,螺旋桨与同轴圆柱面的交切面展开后的切面。
03.190,导边半径,radius of leading edge,叶切面导边端点的曲率半径。
03.191,随边半径,radius of trailing edge,叶切面随边端点的曲率半径。
03.192,翘度,"set-back,wash-back",叶切面的导边或随边与面节线的距离。
03.193,毂帽,propeler cap,"装于螺旋桨毂后,用以掩护舰轴螺母并使水流光顺的护罩。"
03.194,抗谐鸣边,anti-singing edge,具有适当形状，能消除螺旋桨谐鸣的部分随边。
03.195,叶元体,blade element,"假定的组成螺旋桨的共轴弧形薄片,将其展平后其轮廓即为所在半径处的叶切面形状。"
03.196,进速,speed of advance,螺旋桨相对水沿轴向前进的速度。
03.197,进角,advance angle,叶元体相对于未受扰动水流的运动方向与其沿圆周方向的夹角。
03.198,螺旋桨推力,thrust of propeller,螺旋桨运转时产生的轴向力。
03.199,螺旋桨转矩,torque of propeller,螺旋桨运转时所收到的或为克服水阻力所需的转矩。
03.200,螺旋桨尾流,propeiler race，slipstream,螺旋桨后流出的受扰动的加速水流。
03.201,进速系数,advance coefficient,螺旋桨每转进程与其直径之比值。
03.202,表观进速系数,apparent advance coefficient,用船速定义的进速系数。
03.203,进速比,advance ratio,螺旋桨进速与叶梢线速度之比值。
03.204,滑脱,slip,螺旋桨每转进程小于其螺距的现象。以螺距与每转进程之差值来量度。滑脱与螺距的比值称滑脱比。
03.205,推力系数,thrust coefficient,表示螺旋桨推力的无量纲系数。
03.206,转矩系数,torque coefficient,表示螺旋桨转矩的无量纲系数。
03.207,船舶拖曳力,towing force of ship,一船拖带其他船或水上建筑物航行时的拉力。
03.208,系桩拉力,bollard pull,"船系缆于岸桩上,当螺旋桨运转时系缆上的拉力。"
03.209,螺旋桨敞水效率,open water propeller efficiency,单独螺旋桨在均匀来流的敞水中运转时发出的推力功率与收到功率之比值。
03.210,蝶旋桨特征曲线,characteristic curves of propeller,"以螺旋桨的进速系数为横坐标,推力系数、转矩系数和螺旋桨敞水效率为纵坐标的一组性能特征曲线。"
03.211,根涡,root vortex,自螺旋桨叶根处泄出的尾涡。
03.212,梢涡,tip vortex,自螺旋桨叶梢处泄出的尾涡。
03.213,螺旋桨设计图谐,propeller design charts,根据定序螺旋桨系列模型试验数据或用理论计算结果所绘制的供螺旋桨设计用的曲线图。
03.214,直径系数,(n,)、直径(D)与进速(-VA)关系的系数。
03.215,收到功率系数,(n,")、收到功率( P,)与进速( V.)间的关系的系数。"
03.216,推力功率系数,(Vx,)关系的系数。
03.217,功率载荷系数,power loading coefficient,用螺旋桨收到功率表示其载荷的无量纲系数。
03.218,推力载荷系数,thrust loading coefficient,用螺旋桨推力表示其载荷的无量纲系数。
03.219,最佳转速,optirnum revolution,在一定设计条件下效率最高的螺旋桨转速。
03.220,最佳直径,optimum diameter,在一定设计条件下效率最高的螺旋桨直径。
03.221,浸深,immersion,螺旋桨中点浸沉于静水面以下的深度。
03.222,漫深比,imrmersion ratio,螺旋桨漫深与直径之比值。
03.223,可控螺距螺旋桨,controllable-pitch propeller,"船舶航行时,通过毂内机构转动螺旋桨叶,以调节螺距来适应各种工况的螺旋桨。"
03.224,对转螺旋桨,contrarotating propellers,在同轴线的内外两轴上装设的旋向相反的一对螺旋桨。
03.225,导管推进器,"ducted propeller,shrouded propeller",在螺旋桨外围有控制水流的喷管形外罩所组成的推进器。
03.226,全回转推进器,(Z-propeller,)”。可绕垂直轴作360°回转的螺旋桨或导管推进器。
03.227,串列螺旋桨,tandem propeller,在同一轴上装有前后两个或多个旋向相同的螺旋桨。
03.228,重叠螺旋浆,overlap propeller,前后交错布置，而螺旋桨盘在投影上部分重叠的两个螺旋桨。
03.229,适伴流螺旋奖,wake-adapted propeller,"按螺旋桨各半径处的轴向伴流的周向平均值分别选择该半径处的螺距,从而获得船与螺旋桨系统能量损失最小的螺旋桨。"
03.230,反应推进器,contra propeller，reaction propeller,"固定在螺旋桨后,吸收其尾流中旋转动能的增加推力的推进器。"
03.231,喷水推进器,waterjet propulsor,"推进机构位于船内,利用喷射流体所产生的反作用力推动船舶前进的推进器。"
03.232,平旋推进器,"cycloidal propeller,voitb-Schneider propeller","在旋转圆盘下装有若干可转动的直叶伸入水中,并能产生任何方向推力的推进器。"
03.233,空化螺旋浆,cavitating propeller,设计在螺旋桨部分叶背为空泡所笼罩的条件下正常工作的螺旋桨。
03.234,超空化螺旋桨,super-cavitatingpropeller，full-cavitating propeller,"螺旋桨叶背为充分发展的空泡所笼罩,空泡区至少伸展至随边并能在很低空泡数下有效运转的螺旋桨。"
03.235,空气螺旋浆,air screw,在空气中工作的螺旋桨。
03.236,明轮,paddle wheel,"大部分露出水面,在圆轮四周装有多个璞板鼓水的轮式推进器。"
03.237,侧推器,thruster,"在船的首部或尾部横贯船体的圆简内置有螺旋桨产生侧向推力,用于在零速或低速下操纵船舶的装置。"
03.238,空化,cavitation,在一定的环境温度下，由于压力下降而使液体形成气相的过程。
03.239,背空化,back cavitation,在螺旋桨叶背或水翼的上表面上产生的空化。
03.240,云状空化,cloud cavitation,产生微小而不稳定的蒸汽泡群的空化。
03.241,叶面空化,face cavitation,在螺旋桨叶面或水翼下表面产生的空化。
03.242,泡沫空化,foam cavitation，burbling cavitation,形成瞬变的泡沫状稍大的蒸汽泡群的空化。
03.243,桨毂空化,hub cavitation,近桨毂中心的低压处形成的空化。
03.244,片状空化,sheet cavitation，laminar cavitation,光滑而厚度较薄的定常或准定常空化。
03.245,无空化,non-cavitating，sub-cavita-tion,不存在空化的状态或不影响流动特性的空化状态。
03.246,超空化,supercavitation,充分发展的附着空泡，其长度超过物体边缘的空化。
03.247,叶梢空化,tip cavitation,在螺旋桨叶梢或水翼的翼端附近产生的表面空化。
03.248,梢涡空化,tip vortex cavitation,在螺旋桨叶的梢涡或水翼的翼端涡低压中心处产生的空化。
03.249,尾涡空化,trailing vortex cavitation,在螺旋桨或水翼尾涡低压中心处产生的持久空化。
03.250,叶根空化,root cavitation,螺旋桨叶根处产生的空化。
03.251,空化斗,cavitation bucket,"以翼型切面的空化数为横坐标，攻角为纵坐标,用厚度比为参数分别绘出吸力面及压力面产生空化的一组斗状临界线。"
03.252,空化衡准,cavitation criteria,判别空化起始、发展程序及其大致后果的一 般准则。
03.253,空化数,cavitation number,"环境绝对压力与饱和蒸汽压力之差与动压头之比值,是表征液–气相系统的一特征量。"
03.254,临界空化数,critical cavitation num-ber,空化起始的空化数。
03.255,空泡,cavity,空化区域的气相部分。
03.256,空泡长度,cavity length,自空泡前缘至末端沿流动方向的长度。
03.257,空泡厚度,cavity thickness,充分发展空泡在垂直于叶切面空泡长度方向的最人厚度。
03.258,空泡压力,cavity pressure,空泡内部的实际压力。
03.259,不稳定空泡,non-stationary cavily,尺度随时间而变化的空泡。
03.260,局部空泡,partial cavity,出现于物体局部位置上的准定常空泡。
03.261,脉动空泡,pulsating cavity,空泡体积变化频率与液–气相系统固有频率相同时的空泡。
03.262,定常空泡,steady cavity,空泡的形状在时均意义上是稳定的空泡。
03.263,不定常空泡,unsteady cavity,交替发生伸展和溃灭的附着空泡。
03.264,空蚀,cavitation erosion,由于空泡溃灭时产生的高压导致材料变形和剥落的过程。
03.265,船舶操纵性,ship maneuverability,船舶按照驾驶者的指令.保持或改变航向、船速和位置的性能。
03.266,横移,sidleslip,船舶由于自身作用(如转舵}引起的位移在垂直于其中纵剖面方向上的水平分址。
03.267,横漂,drift,船由于自身以外的扰动作用(如风、浪、流等）所引起的位移在垂直于其中纵剖面方向的水平分址。
03.268,螺旋桨转箱效应,propeller effect on course changing,"由于螺旋桨旋转引起左右不对称力,使船首向方偏转的现象。"
03.269,开环操纵性,open loop maneuver-ability,船舶操纵运动中不包括人或自动驾驶仪等反馈环节在内的操纵性。
03.270,闭环操纵性,close loop maneuver-ability,船舶操纵运动中包括人或自动驾驶仪等反馈环节在内的操纵性。
03.271,静稳定性,static stability,"物体受外界小扰动作用偏离其平衡状态，当该扰动作用消失瞬间,物体能趋向原平衡状态的性能。"
03.272,动稳定性,dynamic stability,"运动物体受外界小扰动作用而偏离其稳定运动状态,当这-扰动作用消失后能回复到原先稳定运动状态附近规定范闱内的性能。"
03.273,渐近稳定性,asymptotical stability,"物体受外界小扰动作用而偏离其稳定运动状态,当这一扰动作用消失后不加任何控制作用能回复到原先稳定运动的性能。"
03.274,水动力分量,hydrodynamic force components,作用在船舶上的水动力在各坐标轴上的投影。
03.275,水动力导数,hydrodynamnic force derivatives,作用在船上的水动力(或力矩)对其运动参数在初始平衡点进行泰勒级数展开中的偏导数。
03.276,孟克力矩,Munk monent,三维物体在理想流体中以一定攻角(或漂移)作定常直线运动在前半体与后半体上产生的两个大小相等、方向相反的力组成的力偶。
03.277,直线稳定性,straight line stability,"船舶受风、浪、流等外界小扰动作用而偏离其定常直线运动,当这种扰动作用消失后不加任何控制作用,最终仍能保持直线运动(不管方向、位置有无改变)的性能。"
03.278,方向稳定性,directional stability,"船舶受风、浪、流等外界小扰动作用面偏离其定常直线运动的方向,当这种扰动作用消失后不加任何控制作用最终仍能回复到其初始定常直线运动方向(不管位置有无改变)的性能。"
03.279,位置稳定性,positional stability,"船粕受风.浪、流等外界小扰动作用而偏离其定常直线运动的航线,当这种扰动作用消失后不加任何控制作用最终能回复到初始定常直线运动航线上的性能。"
03.280,航向保持性,course keeping quality,"在舵手或自动驾驶仪的操纵下,使船舶保持在一规定的直线航向上航行的性能。"
03.281,转箔性,course changing quality,航向角对舵或其他操纵器作用的响应性能。
03.282,回转性,turning quality,船舶在舵(或其他操纵器）的作用下作回转运动的性能。
03.283,倒航操纵性,astern maneuverability,船舶后退时的操纵性能。
03.284,应急操纵性,crash maneuverability,船舶在出现紧急情况下，采用各种措施操纵船时的操纵性能。
03.285,操纵性衡准,criteria of tnaneuver-ability,衡量船舶操纵性优劣的标准。
03.286,可操纵域,maneuverable range,"估计风力对船舶操纵影响的一个绝对风速范围。在此范围中的任一风速下,船舶可籍舵(或其他操纵器)沿任意方向作直线航行或向左、向右转向。"
03.287,人试航速,approach speed on testing,"在任一操纵试验开始时,船舶稳定地沿直线航行时的航速。"
03.288,转舵阶段,maneuvering period,"回转试验中,自开始转舵瞬时起到转舵结束瞬时止的这一段时间。"
03.289,过渡阶段,transition period,回转试验中，自转舵结束瞬时起到船舶开始作稳定问转运动瞬时止的这一段时间。
03.290,稳定回转阶段,steady turning peri-od,"回转试验中,船舶开始作稳定回转运动瞬时起到回转试验结枣的这一段时间。"
03.291,回转迹线,turning path,"回转试验时,船舶重心的运动轨迹。"
03.292,回转周期,turning period,"回转试验中,船舶从初始直航开始转舵瞬时到糍向改变360*所经历的时间。"
03.293,纵距,advance,"回转试验中,自开始转舵瞬时的船舶重心位置至始向改变90*瞬时的重心位置沿初始直航向址取的距离。"
03.294,横距,transfer,"回转试验中,自开始转舵瞬时的船舶重心位置到版向改变90*瞬时的重心位傥沿垂直于初始直航向并向转舵一侧量取的距离。"
03.295,反向横距,kick,"在回转试验的转舵、过渡阶段中,船舶重心离开初始直航向向转舵相反一侧,沿垂直于初始直航向量取的最大距离。"
03.296,战术直径,tacticai diarneter,"回转试验中,风向改变180°时其重心与初始直航向间的垂直距离。"
03.297,回转直径,steady turning diameter,回转试验中，船舶进入稳定回转阶段后的回转圆直径。
03.298,回转中心,center of turning circle,"回转试验中,船舶进入稳定回转阶段后的回转圆圆心。"
03.299,枢心,pivoting point,"回转试验中,船舶纵轴上.横向速度等于零的这一点。"
03.300,回转速降,speed drop on turning,船舶因回转阻力增加而使航速较入试航速降低的现象。
03.301,回转横倾角,heel an turning,回转运动时，船舶绕过其重心的纵轴的转角。
03.302,回转突倾,snap heel on turning,"在回转过渡阶段，船舶由内倾变为外倾,或由外倾变为内倾,时间短暂而横倾角特别大的现象。"
03.303,韧转期,initial turning time,Z形试验中从试验开始的第一次操舵瞬时到第一次反向操舵瞬时之间的这一段时间。
03.304,转潢滞后,course change lag,"Z形试验中,舵回复到零舵角瞬时至船达到最大转慝角瞬时之间的时间。"
03.305,超越角,j,角之差。
03.306,纠偏期,time to check yaw,"Z形试验中,从换操反舵瞬时到达最大转膳角瞬时之间的时间间隔。"
03.307,复向期,j,后返回原膳向瞬时之间的时间间隔。
03.308,形操纵周期,j,完成-一个循环所经过的时问间隔。
03.309,操纵性特征曲线,maneuvering characteristics curve,"以舵角为横坐标,船舶稳定回转角速度为纵坐标所标绘成的关系曲线。"
03.310,不稳定环,“bysteresis”ioop,"不具有直线稳定性的船的操纵特性曲线,在其原点附近出现形似磁滞回线的封闭曲线。"
03.311,转船力矩,moment of turning ship,舵、螺旋桨或其他操纵器产生的水动力对船重心的力矩。
03.312,水下侧面积,lateral underwater area,船舶水下部分(重复的面积只计入一次)在中纵剖面上的投影面积。
03.313,舵空化,rudder cavitation,"高速船舶在操舵后,舵的吸力面上产生的空化。"
03.314,耐波性,seakeeping qualities,船舶在风浪中的运动性能以及为船上的人员与各种系统、装备提供良好的船体运动环境条件的能力。
03.315,适航性,seaworthiness,保证船舶安全航行的能力。
03.316,酎波性衡准,criteria of seakeeping qualities,量船舶耐波性优劣的标准。
03.317,船舶摇荡,. ship oscillation,船舶在风、浪等外力作用下所产生的各种周期性运动的总称。
03.318,纵摇,pitching,船舶对通过其重心的横轴的周期性摇动。
03.319,横摇,rolling,船舶对通过其重心的纵轴的周期性摇动。
03.320,腊摇,yawing,船舶对通过其重心的垂向轴的周期性摇动。
03.321,垂荡,heaving,船舶重心沿其垂向轴的往复运动。
03.322,纵荡,surging,船舶重心沿其纵轴的往复运动。
03.323,横荡,swaying,船舶重心沿其横轴的往复运动。
03.324,谐摇,resonance,在外力作用的颊率等于船舶固有频率时船舶所作的摇荡。
03.325,耦合运动,coupling motion,船舶有几种摇荡同时存在并互相影响时的运动。
03.326,附加质量,added mass,"作用在物体上,与加速度相位相同的单位加速度的水动力。其实际效应相当于物体的质量附加了另一个质盘。"
03.327,横摇阻尼,rolling darmping,"船舶横摇时,由于船体与水之间存在相对速度,使能量耗散,且减小摇幅的阻尼。"
03.328,摩擦阻尼,frictional damping,"物体摇荡时,其表面与流体摩擦而产生的阻.尼。"
03.329,旋涡阻尼,eddy making damping,"船舶摇荡时,在船体弯曲或突出部分形成旋涡,导致能量耗散而产生的阻尼。"
03.330,兴波阻尼,wave making danping,船舶摇荡时，因兴波耗散能址所产生的阻尼。
03.331,批龙骨阻尼,bilge keel damping,由于纰龙骨存在而产生的阻尼。
03.332,升力阻尼,lift effect damping,航行船舶摇荡时，由于升力而产生的阻尼。
03.333,扰动力,exciting force,风、浪、水流作用在物体上的交变外力。耐波性研究中主要指产生船舶摇荡的波浪作用力。
03.334,辐射力,radiation force,理想流体中物体在静水中运动时受到的水动力。
03.335,衍射力,diffraction force,因船体等水下物体的存在，波浪产生衍射而产生的水动力。
03.336,动水位升高,dynamic swell-up,由于船舶摇荡而引起的舷侧水位高度的变化。
03.337,有效干舷,effective freeboard,船舶在静水中航行时的实际干舷。
03.338,甲板淹湿,deck wetness,波面超过并涌向甲板的现象。
03.339,淹湿性,wetness,在风浪中船舶甲板淹湿与飞溅的程度。
03.340,飞溅,spray,船舶在风浪中或高速航行时产生的水喷溅。
03.341,横摇衰减曲线,curve of decliningangle,船舶在自由横摇时横摇角衰减的时间历程。
03.342,消灭曲线,curve of extinction,"从衰减曲线上取相邻摇幅值的平均值为横坐标,相邻摇幅值的递减值为纵坐标所绘制的曲线。"
03.343,失速,speed loss,"主机工况不变的条件下,船在风浪中的航速比静水航速减小的值。"
03.344,飞车,propeller racing,"船舶在风、浪中航行时,因螺旋桨部分或全部露出水面,而使转速剧增并引起主机工况失常的现象。"
03.345,横甩,broaching,"船舶在风浪作用下,因航向失控而突然转向的现象。"
03.346,波浪中平均功率增值,mean in-crease of power in waves,"为维持船舶在波浪中与静水中相同的航速,所需功率的平均增加值。"
03.347,波浪中平均阻力增值,mean in-crease of resistance in waves,"在相同平均航速下,船舶在波浪中所受的阻力较静水中增加的平均值。"
03.348,波浪中平均转矩增值,mean in-crease of torque in waves,"为维持船舶在波浪中与静水相同的航速,而使螺旋桨转矩增加的平均值。"
03.349,波浪中平均推力增值,mean in-crease of thrust in waves,为维持船舶在波浪中与静水中相同的航速，而使螺旋桨推力增加的平均值。
03.350,波浪中平均转速增值,mean in-crease of propeller revolution in wa-ves,为维持船舶在波浪中与静水中相同的航速，而使螺旋桨转速增加的平均值。
03.351,波浪谱,wave spectrum,"波浪位移的方差谱,波倾角谱、波数谱的统称。一般指波浪位移的方差谐,它反映了各成份波的有关量相对于频率的分布情况。"
03.352,波能波密度,wave power spectral density,随机波浪中各波谱分量的能量幅值相对其颊率的分布密度。
03.353,响应谱,response spectrum,船舶在不规则海浪作用下，对波浪响应的方差谱。
03.354,浪向,sea direction,波浪的主要行进方向与地球正北方向之间的夹角。
03.355,遭遇角,wave encounter angle,波浪前进方向与当向间的水平夹角。
03.356,顶浪,head sea,航向与波浪行进方向的水平夹角在180°土15°之间的波浪。
03.357,随浪,following sea,航向与波浪行进方向的水平夹角在±15*之间的波浪。
03.358,横浪,beam sea,"航向与波浪行进方向的水平夹角在90°士15""°或270*±15*之间的波浪。"
03.359,箱斜浪,bow sea,"道向与波浪行进方向间的水平夹角在135*±30°或225°±30""之间的波浪。"
03.360,鲲斜浪,quartering sea,航向与波浪行进方向间的水平夹角在45·士30或315*±30°之间的波浪。
03.361,长峰波,long crested waves,沿单一方向传播的波浪。
03.362,短峰波,short crested waves,由不同方向的长峰波组成的波浪。
03.363,规则波,regular wave,可以用单一正弦(余弦)函数表示的波浪。
03.364,不规则波,irregular wave,可由不同频率且具有随机相位的正弦(余弦)波叠加而组成的波浪。
03.365,瞬态波,transient wave,"由造波机先以高频,然后逐步降低频率所造的一系列规则波叠加而成的波。"
03.366,方向谱,directional spectrum,又称“二维谱”。与波颓和方向有关的海浪谱。
03.367,有义波高,significant wave height,"又称“三一波高”。将所有连续测量的波高按大小排列,取其总数的.兰分之一大波波高的平均值。"
03.368,波倾角,slope of wave surface,与波峰正交的垂直剖面上波浪表面的最大倾斜角。
03.369,有效波倾角,effective wave slope,考虑了波浪的史密斯效应以后的等效扰动力矩的等价波倾角。
03.370,有效波倾系数,coefficient of effec-tive wave slope,有效波倾角与波倾角之比值。
03.371,弗劳德,Froude-Kryloff hypothesis,"关于船体的存在,不改变波浪下水动压力分布特征的假定。"
03.372,船模试验水池,ship model experimental tank,进行船舶模型试验的水池。
03.373,拖曳水池,towing tank,供拖生船模进行试验的船模试验水池。拖曳方式有拖车式.重力式等。
03.374,浅水试验水池,shallow water tank,供研究船舶在浅水中航行性能用的船模试验水池。其特点是宽度大、深度浅。
03.375,减压试验水池,depressurized tank,建于气密室内的通过调节可降低水面大气压力的船模试验水池。
03.376,耐波性试验水池,seakeeping tank,"能制造不同特征的规则波或不规则波,用于进行酎波性试验的船模试验水池。"
03.377,操纵性试验水池,"maneuvering tank,maneuvering basin",供研究船舶操纵性用的船模试验水池。一般分为自由自航船模操纵性试验水池和约束船模操纵性试验水池两种。
03.378,风浪流试验水池,wind，wave and current tank,在水池内能同时模拟或部分模拟风、浪流进行模型试验的水池。
03.379,旋臂水池,rotating arm basin,"在圆形水池中央岛设有一旋臂，船模可固定其上,当旋臂回转时,通过测录装置可测出作用在船模上有关水动力和力矩的试验水池。"
03.380,循环水槽,circulating water chan-nel,水作循环流动的模型试验设备。
03.381,空化水筒,cavitation tunnel,主要用于浏试螺旋桨或其他物体产生空化现象及其性能的能调节压力的循环水筒。
03.382,低速风洞,low speed wind tunnel,"利用空气作介质,风速一般低于0.4马赫数,用于进行模型试验的风洞。"
03.383,冰水池,ice model tank,"研究船舶在冰区中航行性能用的,池中水表面冷却成一定厚度冰层的船模试验水池。"
03.384,水下爆炸试验水池,underwater ex-plosion tank,研究船舶承受水下爆炸能力的试验水池。
03.385,坐标定位拖车试验水池,basin with X-yplot carriage,"在桥式主拖车上,装设横向移动的副拖车，使船模可同时调整纵向和横向分速度,并循指定轨迹拖航的船模试验水池。"
03.386,船体振动试验水池,ship hull vibra-tion testing tank,研究船体及其结构的振动的试验水池。
03.387,模型拖车,model towing carriage,船模试验时用来拖曳船模运动的机构。包括载人车体及其牵引机构等。
03.388,测试段,measuring section,"船模试验水池中,拖曳速度稳定,适于进行测量的水池段。空化水简或风筒内安装浏试对象的筒段。"
03.389,加速段,accelerating section,船模试验水池中船模拖曳速度从零增至预期试验速度的水池段。
03.390,假底,false botton,"安装在船模试验水池中,可以上下移动,用以调节水深的活动池底。"
03.391,散水试验箱,open-water test boat,螺旋桨散水试验时用以安装螺旋桨测力仪的容器。
03.392,激流装置,turbulence stimulator,"船模在试验水池中进行拖曳试验时,安装在船模首部,使船模边界层变成紊流的装置。"
03.393,平面运动机构,planar motion mech-anism,"使船模能在垂直或水平面内以一定频率和振幅作规定的平面运动,来测定作用在其上的水动力和力矩的试验设备。"
03.394,数控平面运动拖车,computer con-trolled planar motion carriage,以数字计算机控制的大振幅平面运动机构。
03.395,造波机,wave generator，wave mak-er,在船模试验水池中制造波浪的设备。.
03.396,冲箱式造波机,plunger type wave generator,"装置在船模试验水池中,由机械或液压驱动的楔形箱体沿滑槽入水作垂向运动,并自动控制调节其振幅、速度﹑相位等,以产生不同的人工波形的设备。"
03.397,摇板式造波机,flap type wave gen-erator,"在试验水池中,用下端铵接,上端能前后摇动的摇板,制造人工波浪的设备。"
03.398,气动式造波机,pneumatic wave generator,"在试验水池中,用鼓风机控制倒形箱内的空气以制造人工波浪的设备。"
03.399,蛇形造波机,snake type wave gener-ator,"在试骏水池中,用大量联成一行的各单元造波机,可各自调整幅值、频率和相位以制造复杂人工波形的设备。"
03.400,消波器,wave damper,船模试验水池中消除波浪的设备。
03.401,三自由度运动位移测量装置,dis-placement metering device with 3-de-gree of freedom,在拖曳水池中用于测量船模在迎浪(或随浪)中纵摇﹑垂荡及波浪中阻力增值的测量装置。是被动(由船模带动)的机械式测量装置。
03.402,六自由度运动位移测量装置,dis-placement metering device with 6-de-gree of freedom,"用于斜浪试验,测量三个线位移及三个角位移的测过装置。试验时船模运动不受约束，浏量装置的纵横向小车由伺服跟踪系统驱动。是主动跟踪的机械式测量装置。"
03.403,纵向强制摇荡装置,longitudinal forced oscillatory device,"用来强制船模在静水中作纵摇与垂荡运动,求取这些运动方程中的附加阻尼系数的装置。"
03.404,横向强制摇荡装置,transverse forced oscillation device,用以测量船模横荡、道摇、横摇的水动力系数的测量装置。
03.405,船模阻力仪,resistance dynamone-ter,测量船模阻力的仪器。
03.406,纵倾测量仪,trim measuring meter,测量船模在拖曳水池试验时所产生的旗﹑航倾及升沉现象的记录设备。
03.407,激光测速仪,iaser velocimeter，laser doppler velocimeter,"利用光的反射和光的多普勒顿移原理,即利用运动质点使光发生散射以湿知质点的速度,从而求出流体速度的仪器。"
03.408,伴流仪,wake meter,测量伴流速度的仪器。
03.409,水翼三分力仪,3-component balance for hydrofoil,测量水翼在运动时作用在其上的水动力的仪器。
03.410,螺旋桨剧力仪,propeller dynamo-meter,"测量螺旋桨模型推力,转矩和转速的仪器。"
03.411,推力仪,thrust meter,在船模或实船试验中用以测量螺旋桨推力的设备。
03.412,转矩仪,torque meter,在船模或实船试验中用以溯量螺旋桨转矩的设备。
03.413,浪高仪,wave height recorder,"浏量和记录波浪高度的仪器。有电容式,超声波式和电阻式、伺服式等。"
03.414,波浪扰动动力仪,wave disturbance apparatus,量船模在波浪中所受扰动力(广义)的仪器。
03.415,波浪中阻力测量仪,resistance mea-suring device in waves,利用三自由度运动位移测量装置在测量运动位移的同时测出船模在波浪中(迎浪或随浪)阻力的仪器。
03.416,垂直式阻力动力仪,vertical-type re-sistance dynamometer,稠量船模在斜浪中航行时所受阻力的仪器。
03.417,波浪中自航要素测量仪,self-propu-lsion element messuringdevice inwaves,"用以模拟实船主机各类工况并能测定其自航要素,或通过安装在推进装置同一轴上的应变式自航动力仪溅出船模在波浪中的推进要素的测量仪器。"
03.418,紊流探测器,turbulence detector,探测边界层是否属于紊流流态的设备。
03.419,舵三分力仪,3-component balance for rudder,测登船模在运动时作用在舵上水动力的仪器。
03.420,船模,ship model,将实船尺度按比例缩小而制成的供试验用的模型。
03.421,标准船模,standard ship model,"用于校核船模试验结果及比较各水池性能,能长期保持形状和表面光洁度不变的船模。"
03.422,重叠船模,double model,"用两条相同船模的水下部分,倒正重合而成的一个船模。"
03.423,系列船模,series of ship models,有次序地改变船模中某些参数而构成的组系船模。
03.424,螺旋桨模型,model propeller,将实际螺旋桨按比例缩小尺度而制成的供试验用的模型。
03.425,假模,dummy moclel,模型试验时为探讨模型对支架和支架对模型的干扰力面制作的模型。
03.426,假毂,dumny propeller boss,"螺旋桨模型敞水和自航试验时,用来代替螺旋桨毂的摩擦阻力和扭矩,其重量和螺旋桨模型大致相等的回转体。"
03.427,试验临界雷诺数,critical Reynolds number for experiment,"模型试验时,为测得稳定可靠的数值,所要达到的最低雷诺数。"
03.428,缩尺比,scale ratio,模型与实物尺度的比值。
03.429,尺度效应,scale effect,"几何相似的物体,由于大小不同而不能同时满足所有有关的动力相似定律,而引起物体所受的力。如重力.黏性力和表面张力或力矩系数以及流态等的差异。"
03.430,阻塞比,blockage ratio,"物体浸水部分横剖面积与水池测试段水面下横剖面积的比值,或物体的横剖面积与水简(风洞)测试段横剖面积的比值。"
03.431,阻塞效应,blockage effect,"物体在受池壁和池底或筒壁限制的流体中与其在无限流体中运动时,由于流场的不同而引起的受力的差异。"
03.432,阻塞修正,blockage correction,"考虑到阻塞效应而作的修正。如将有限剖面水池中所作的水动力试验结果,变换为无限水域中或另一到面水池中的数值而作的修正。"
03.433,模型拖点,model towing point,"船模试验时的受力点。通常垂向取在水线面上,纵向取在船模浮心附近。"
03.434,伴流模拟,wake simulation,"在空化试验水筒测试段上游装置格栅、水管群、船模等,模拟伴流的分布。"
03.435,等推力法,wake assessment by ihrust identity method,"将螺旋桨模型在船模后与在敞水中的试验数据进行比较,以同转速﹑等推力时船模速度减去螺旋桨敞水进速，以求得等推力实效伴流的计算方法。"
03.436,等转矩法,wake assessment by torque identity method,"将螺旋桨模型在船模后与在敞水中的试验数据进行比较,以同转速、等转矩时的船模速度减去螺旋桨敞水进速,以求得等转矩实效伴流的计算方法。"
03.437,自航试验拖力,towing force in self-propulsion test,"在船模自航试验中,为抵消船模与实船摩擦阻力系数的差异以达到相当于实船自航情况下所加于船模的拖力。"
03.438,船模自航点,self-propulsion point of model,"作强制自航试验时,螺旋桨推力恰等于船模阻力及阻力增额时的情况。"
03.439,试验池实船自航点,self-propulsion point of ship under tank condition,"在强制船模自航试验中,船模阻力包括阻力增额超过推力的数值等于船模与实船摩擦阻力系数差异影响的状况。"
03.440,阻力试验,resistance test,汇量船模在不同航速时所受阻力的试验。
03.441,裸船模阻力试验,naked hull resis-tance test,"在水池中拖曳不带附体的船模,测出其在各种航速时的阻力的试验。"
03.442,船模系列试验,systematic test of ship models,系统地改变船体主尺度和船型系数的组系船模的试验。包括阻力试验、自航试验和耐波性试验等。
03.443,自航试验,self-propulsion test,"通过船模内所装的动力机构驱动螺旋桨推进船模和测力仪,以预测实船的快速性和分析螺旋桨与船体间相互作用的试验。"
03.444,纯粹自航试验,continental method of self-propulsion test,"船模速度一定,调节螺旋桨转速,使其发出的推力等于摩擦阻力修正后的船模阻力所进行的试验。"
03.445,强制自航试验,English method of self-propulsion test,"船模速度一定,变转速,测量螺旋桨推力和强制力的试验。"
03.446,流线试验,streamline test,为观察并摄录船模表面上流线的方向进行的试验。
03.447,伴流测量,wake measurement，wake survey,利用毕托管或伴流仪涮定船体桨盘面处伴流的大小、方向及其分布情况。
03.448,尾流试验,wake measurement be-hind stern,为研究船模尾流场中能量消耗情况而进行的尾流状态的洲量。
03.449,船后螺旋桨试验,behind ship test of propeller,螺旋桨在受到船体干扰的水流中进行的试验。
03.450,系列螺旋桨试验,systematic screw series experimients,对系列螺旋桨模型进行的组系模型试验。
03.451,反转试验,backing propeller test,将螺旋桨模型反转进行的试验。
03.452,锁制试验,"fixed propeller test, locked propeller test",将螺旋桨模型锁制不转以溺定其阻力的试验。
03.453,部分漫水试验,partially immersed test,"使缧靛桨模型部分露出水面,为检查其性能变化和吸气情况面进行的试验。"
03.454,空化试验,cavitation test,在空化水简内以模型模拟实物的空化现象的试验。
03.455,酎波性试验,seakeeping test,在能制造波浪的试验水池中所进行的船模试验。
03.456,规则波中试验,experiment in regu-lar waves,在可以用单-一正弦(余弦〉函数表示的波浪中进行的模型试验。
03.457,不规则波中试验,experinent in ir-regular waves,在由不同频率且具有随机相位的正弦(余弦}波叠加而成的波浪中进行的模型试验。
03.458,波浪中阻力试验,resistance test in waves,测量船模在波浪中不同航速时所受到阻力的试验。
03.459,波浪中自航试验,self-propulsian test in waves,"在波浪中船模通过装在其中的动力机构驱动螺旋桨推进船模和测力仪,以预测实船在波浪中的运动性能、砰击、失速和分析螺旋桨与船体相互作用的试验。"
03.460,瞬态波试验,transient wave test,"模型以一定速度前进,使其在预定的地点与一瞬态波相遇,以测量模型响应特性的试验。"
03.461,操纵性试验,maneuverability test,对船舶作操纵性的模拟试验。一般包括Z形操纵、回转、航向稳定和停航试验等。
03.462,自由自航船模试验,free-running modle test,"自航船模在水池中模拟实船的运动,以确定船舶运动性能的试验。"
03.463,拘束船模试验,captive model test,"用专门的装置拘束住模型,使其在水池中按预定的形式运动,以确定作用在其上的水动力和力矩的试验。"
03.464,回转试验,turning test,"测定船舶回转性能的试验。便船舶以设定速度直航稳定后,转舵到设定舵角并保持不变,船舶进入回转，当转的达540°时试验结束。"
03.465,航向稳定性试验,course keeping test,"为确定和评估船舶航向稳定性的试验。包括螺线,逆螺线、回舵试验等。"
03.466,回舵试验,pull-out test,"当操舵舵角保持某一定值(如右15*或左.15°),船舶进入稳定回转后,操舵回中,连续测量船的回转角速度。用以评估船的航向稳定性。"
03.467,螺线试验,spiral test,"操舵舵角保持某一定值(如右15°)时,测定船舶稳定转赠角速度。然后逐步减小舵角,直至左15°,再由左15°直至右15°舵角,测定相应的稳定角速度值。主要用来评估船舶航向稳定性。"
03.468,逆螺线试验,reverse spiral test,"通过自动驾驶仪或人工操舵的方法,使船舶保持一定的转羡角速度,然后求出对应角速度所用舵角的平均值。用以评估船舶航向稳定性。"
03.469,航向改变试验,course change test,测定船舶操中等舵角时转向性能的试验。
03.470,形,zigzag test,操舵舵角随徵向角的改变而变化使船舶的航线近似Z形的操纵性试验。主要用以评估船的航向改变性能。
03.471,停船试验,stopping test,又称“愤性试验”。主机由全速正车到停车，测出船舶的惯性冲程、轨迹及其滑行时间的试验。
03.472,紧急停船试验,crash stopping test,主机由全速正车到倒车，测出船舶的冲程、轨迹与其滑行时间的试验。
03.473,旋臂试验,rotating-arm test,"为测定船模速度导数,在圆形水池中进行的试验。"
03.474,直线拖曳试验,straight line towing test,在拖曳水池中测定船模的位置导数与控制导数进行的试验。
03.475,偏模直拖试验,oblique model tow-ing test,"在拖曳水池中使船模以规定的不同漂角和《或)舵角按等速沿直线拖曳,用以确定船舶运动位置导数的试验。"
03.476,平面运动机构试验,planar notion rmechanism fest,"在拖曳水池中利用平面运动机构,系统地求取被拖曳船模运动中所产生的各项力和力矩的加速度导数与速度导数的试验。"
03.477,振荡仪试验,oscillator test,"在风洞或水池内,用连接船模前后部的振动仪强制船模振荡,以测定其作用力和力矩的试验。"
03.478,分段拼模试验,segmented model test,用若干分段拼成的船模所进行的振动、波浪载荷或操纵性约束船模的试验。
04.001,船体,hull,不包括任何设备、装置、系统等的船身结构物及上甲板以上的围蔽建筑。
04.002,船体结构,hull structure,组成主船体、上层建筑、甲板室等各种具体构件的总称。
04.003,焊接船体结构,welded huil struc-ture,用焊接方法连接的船体结构。
04.004,铆接船体结构,riveted hull structure,用铆接方法连接的船体结构。
04.005,主船体,main hull,强力甲板及其以下部分的船体。
04.006,甲板板架,deck grillage,由甲板板和骨架组成的构件。
04.007,船侧板架,side grillage,由船侧板和骨架组成的构件。
04.008,船底板架,bottom grillage,由船底板和骨架组成的构件。
04.009,舱壁板架,bulkhead grillage,由舱璧板和骨架组成的构件。
04.010,骨架,framing,支承外板、甲板板、舱壁板、内底板及船底板等所有相互连接的重材与型材的统称。
04.011,横骨架式,transverse framing system,横向骨材较密.纵向骨材较稀的船体骨架形式。
04.012,纵骨架式,longitudinal framing system,纵向骨材较密﹑横向骨材较稀的船体骨架形式。
04.013,混合骨架式,·combined framing system,"主船体中,部分区域采用纵骨架式,部分区域采用横骨架式的船体骨架形式。"
04.014,衔材,girder,由腹板与面板组成的大型组合构件。
04.015,腹板,i,材.立板。
04.016,面板,face plate,与腹板自由边正交、沿榆材方向延伸的板条。
04.017,构件,member,板与骨架的统称。
04.018,列板,strake,板材的长边沿船长方向布置并逐块端接而成的连续长板条。
04.019,主要构件,primary member,"支持骨材或其他榆材的构件。如舱口端梁、甲板纵皙,强肋骨等。"
04.020,次要构件,secondary member,支持板的骨材。如横梁、甲板纵骨、扶强材等。
04.021,连续构件,continitous member,"在构件与构件相交处,连续通过未被隔断的构件。"
04.022,间断构件,intercostal rnember,"在构件与构件相交处,被隔断的构件。"
04.023,冰带区,ice belt,可能接触浮冰的水线附近的舷侧部分。
04.024,冰区加强,ice strengthening,对航行于冰区船舶所作的局部结构加强。
04.025,纵骨,longitucinal,"用于支承板材,并布置得较密的纵向骨材。"
04.026,纵衔,longitudinal girder，stringer,沿船长方向设置在甲板与舷侧骨架中的析材。
04.027,肘板,bracket,用于构件之间在节点处相互连接的板。
04.028,折边肘板,flanged bracket,自由边缘有90°折边的时板。
04.029,防倾时板,tripping bracket,为防止所支持构件失稳所设置的肘板。
04.030,贯通肘板,through bracket,将舱壁或肋板两边的纵骨或横梁连接的肘板。
04.031,水平肘板,horizontal bracket,近似水平装设的肘板。
04.032,加强筋,stiffener，rib,设于高大的惭材腹板﹑肘板上，或管形构件壁上沿轴向布置的型材。主要用于增加结构的稳定性。
04.033,覆板,doubling plate,"为了局部加强,在原结构的部分板材上,再加焊的一块板。"
04.034,扣板,gusset plate,"在腹板等高的节点处,为了加强构件连接而采用的梯形或菱形面板。"
04.035,压筋板,swaged plate,压有槽纹以增加其强度与刚度的薄板。
04.036,人孔,manhole,构件上供人员通过而开设的孔。
04.037,齿形孔,scallop,"在棉材腹板或型材与外板﹑舱壁、甲板等焊接的边缘.上,为便于间断焊分段围绕包角，并兼有减重、流水,透气等功能而开的一连串矩形带圆角或梯形的切口。"
04.038,流水孔,drain hole,构件上为使水或其他液体能自由流通而开设的小孔。
04.039,流水沟,gu1terway,甲板或平台的边缘上用以引泄积水的沟道。
04.040,透气孔,air hole,为使空气自由流通而在构件上开设的小孔。
04.041,通焊孔,clearance hole,为使焊缝通过而在构件上开设的小孔。
04.042,减轻孔,lightening hole,为减轻重量而在构件上开设的孔。
04.043,洗舱孔,tank cleaning opening,油船甲板上开设的供洗舱用的孔。
04.044,肘板连接,bracket connection,骨架端部用肘板与其他构件连接的方式。
04.045,直接连接,lug connection,"骨架端部不用肘板,但保持骨架端部剖面完整而与其他构件直接连接的方式。"
04.046,面板切斜连接,clip connection,"骨架端部不用肘板，将面板角端切去,以便把完整的腹板与其他构件焊接的连接方式。"
04.047,切斜端,snip end,骨架端部切成斜尖形的末端。
04.048,跨距,span,构件两支点间的距离。
04.049,纵骨间距,spacing of longitudinals,两相邻纵骨之间的距离。
04.050,肋距,frame spacing，spacing of frame,两相邻肋骨之间的距离。
04.051,外板,shell plate,构成船体底部﹑航部及船侧外壳的板。
04.052,方龙骨,bar keel,"船底中线处,位于助板下面的、实心矩形剖面的纵通构件。"
04.053,平板龙骨,plate keel,船底中线处的一列纵向外板。
04.054,龙骨翼板,garboard strake,方龙骨两边的左、右各一列纵向外板。
04.055,船底板,bottom plating,从平板龙骨或方龙骨到她列板间的船底外板。
04.056,舭列板, bilge strake,纰部的列板。
04.057,舭龙骨,bilge keel,近似垂直地装设在眦列板的外侧、沿船长…-定范围延伸的条状减摇构件。
04.058,舷侧外板,side plating,船侧批列板以上的外板。
04.059,舷顶列板,sheer strake,与强力甲板连接的一-列外板。
04.060,舷墙,bulwark,露天甲板边缘处的防护围墙结构。
04.061,单底,single bottom,由船底板架构成的单层船底结构。
04.062,双层底,double bottom,船底、内底及两者之间结构的总称。
04.063,内底板,inner bottom plating,双层底的顶板。
04.064,内底边板,margin plate,与外板相连的一列内底板。
04.065,龙骨,keel,单底中线处从航到昵贯通底部全长的纵向连续构件。
04.066,中内龙骨,center keelson,单底中线处的纵向连续桁材。
04.067,旁内龙骨,side keelson,单底中线两侧的纵向蕃材。
04.068,中桁材,center girder,双层底中线面内的纵向连续板材。
04.069,旁桁材,side girder,双层底中线面两侧的纵向桁材。
04.070,箱形中桁材,duct center girder,"由与船底中线面平行旦对称的两道纵向竖板与中列内底板,平板龙骨等所组成的纵向箱形结构。可作为双层底管线通道用。"
04.071,半高底桁材,half depth girder,腹板高度约为双层底高度一半的旁榆材。
04.072,船底纵骨,botton longitudinal,在纵骨架式船底结构中支持船底板的纵向骨材。
04.073,内底纵骨,inner bottom longitudinal,纵骨架式双层底结构中内底板下方的纵向骨材。
04.074,肋板,floor,船底骨架中设在肋位上的横向板材或框架结构。
04.075,实肋板,solid floor，plate floor,用板材制成的肋板。
04.076,水密肋板,watertight floor,"在规定压力下,保持不渗水的实肋板。"
04.077,油密肋板,oiltight floor,"在规定压力下,保持不渗油的实肋板。"
04.078,组合肋板,bracket floor,由船底横骨、内底横骨﹑撑材和肘板等组成的职底横向框架结构。
04.079,轻型肋板,lightened floor,"厚度与高度都和实肋板相同,但具有较大开孔的助板。"
04.080,舰肋板,transom floor,船尾的最后一道肋板。斜肋骨与昵柱都与解肋板连接。
04.081,船底横骨,bottorn frame,组合肋板下缘与船底板相连的横向骨材或某些单底船的船底横向骨材。
04.082,内底横骨,reverse frame,组合肋板上缘与内底板相连的横向骨材。
04.083,撑材,strut,"组合肋板平面内,连接旁袱材、船底横骨和内底横骨的竖向型材;以及在船底纵骨和内底纵骨的跨距中点加设的型材短支柱。"
04.084,航肘板,bilge bracket,纰部连接肋骨与船底结构的肘板。
04.085,污水井,bilge well,汇集舱底污水的井状结构。
04.086,坞龙骨,docking keel,"某些大型船舶的船底中心线两侧,专为船舶入坞坐墩而设置的纵向箱型结构或复板。"
04.087,船侧骨架,side framing,船侧板架中的骨架。
04.088,肋骨,frame,"设置在肋位上,支承船侧外板的各种竖向骨材。"
04.089,主肋骨,main frame,"除艏、艉尖舱和深舱以外的底舱肋骨中、剖面尺寸相同,数量最多的肋骨。"
04.090,强肋骨,web frame,用于局部加强或支撑舷侧纵骨或舷侧纵析的加大尺寸的肋骨。
04.091,深舱肋骨,deep tank frame,位于深舱内的肋骨。
04.092,尖舱肋骨,peak frane,航.艉尖舱内的肋骨。
04.093,甲板间肋骨,tweendeck frarne,甲板与甲板之间或甲板与平台之间的肋骨。
04.094,斜肋骨,cant frarme,"不与船体横剖面平行,而作扇形布置的肋骨。"
04.095,中间肋骨,intermediate frame,为局部加强而设在肋距叩点位置的肋骨。
04.096,舷侧纵骨,side longitudinal,舷侧外板上的纵骨。
04.097,舷侧纵析,side stringer,与肋骨相交并连接的船侧外板上的纵向彬材。
04.098,护舷材,fender,"装设在满载水线以上,船侧外板的外表面上,用以保护舷侧的构件。"
04.099,甲板,deck,"内底板以上,封盖船内空间或将其分隔成层的大型板架。"
04.100,覆材甲板,sheathed deck,铺有木板或其他材料的甲板。
04.101,强力甲板,strength deck,船体总纵弯曲时起最大抵抗作用的甲板。
04.102,舱壁甲板,bulkhead deck,"主船体内部,所有水密横舱壁都能达到的最高层甲板。"
04.103,车辆甲板,wagan deck，vehicle deck,装载车辆的加厚甲板。
04.104,载货甲板,cargo deck,载甲板货的强力甲板。其甲板板厚往往由局部强度决定。
04.105,舷伸甲板,sponson deck,"内河客货船在水面以上,伸出船舷以外的甲板。"
04.106,升高甲板,raised deck,部分升高的一段甲板。多设于内河船的道、昵部。
04.107,上层建筑甲板,superstructure deck,上层建筑结构中各层甲板的总称。
04.108,甲板板,deck plate,甲板板架中的板材。
04.109,甲板边板,deck stringer,强力甲板中与舷顶列板连接的一列板。
04.110,平台,platform,船体结构中作为安装设备、人员工作等用途的局部水平板架。
04.111,横梁,beam,设置在甲板板或平台板之下各肋位上的横向骨材。
04.112,强横梁,web beam,"设置在甲板板或平台板之下肋位.上,用于局部加强或支持甲板纵骨的横向榆材。"
04.113,舱口端梁,hatch end bearn,舱口前后端的强横梁。
04.114,舱口悬臂梁,hatch side cantilever beam,"从舷侧悬伸至舱口边,用以支持甲板及舱口纵析的悬臂强梁结构。"
04.115,甲板横析,deck transverse,"油船横舱壁之间的甲板下面,横向的大型衔材。"
04.116,半梁,half beam,舷侧至舱口边之间的横梁。
04.117,斜梁,cant beam,甲板下与斜肋骨相连接的梁。
04.118,横梁,transom bearn,船尾处与斜梁连接的最后一根强横梁。
04.119,梁肘板,beam knee,连接横梁与肋骨的时板。
04.120,甲板纵析,deck girder,甲板骨架中的纵向析材。
04.121,舱口纵析,hatch side girder,沿舱口边设置的纵向析材。
04.122,短纵析,carling,用作局部加强的短跨距纵向析材。
04.123,甲板纵骨,deck longitudinal,甲板骨架中的纵向骨材。
04.124,管形支柱,tubular pillar，pipe stanchion,囿形或矩形空心剖面支柱。
04.125,组合支柱,built-up pillar,型材或板材组成的菲封团剖面支柱。
04.126,双向析架,two-direction truss,支柱之间由交叉斜杆构成的析架。
04.127,单向,one-direction truss,支柱之间由单根斜杆构成的析架。
04.128,舱,hatch，hatchway,甲板上为装卸货物、机件或供人员出入的开口统称。
04.129,货舱口,cargo hatch,甲板上供装卸货物用的矩形大开口。
04.130,应急舱,escape hatch,"在危急情况下,供人员脱离险区用的出口。"
04.131,舱口围板,hatch coaming,沿舱口周边设置的围板结构。
04.132,机舱棚,engine rooni casing,机舱甲板开口上面的围壁和顶盖。
04.133,围井,trunk,甲板开口四周用围壁围成的井形结构。
04.134,围罩梯,"companion,cornpanion way","专供人员出入,上面设有围罩的甲板开口。"
04.135,挡浪板,breakwater,甲板上用以阻挡上浪水并将其排至两舷的挡板。
04.136,舱壁,bulkhead,分隔船内空间的竖壁或斜壁结构。
04.137,横舱壁,transverse bulkhead,沿船宽方向的舱壁。
04.138,纵舱壁,longitudinal buikhead,沿船长方向的舱壁。
04.139,斜舱壁,sloping bulkhead,与船舶基面不垂直的舱壁。
04.140,中纵舱壁,center line bulkhead,在船体中线面内设置的纵舱壁。
04.141,平面舱壁,plane bulkhead,由平面舱壁板与扶强材等骨架组成的舱壁。
04.142,槽型舱壁,corrugated bulkhead,舱壁板为槽形的舱壁。
04.143,双板舱壁,double plate bulkhead,由两层舱璧板及其间的骨架组成的舱壁。
04.144,轻舱壁,partition bulkhead，screen bulkhead,"只起分隔舱室的作用,而不承担载荷的舱壁。"
04.145,甲板间舱壁,tweendeck bulkhead,两层甲板或平台与甲板之闾的舱壁。
04.146,防撞舱壁,collision bulkhead,船首最前面的一道水密横舱壁。
04.147,尖舱舱壁,afterpeak bulkhead,船尾最后面的一道水密横舱壁。
04.148,深舱舱壁,deep tank bulkhead,组成深舱的舱璧。
04.149,水密舱壁,watertight bulkhead,在规定压力下能保持不透水的舱壁。
04.150,非水密舱壁,non-watertight bulk-head,无水密要求的舱壁。
04.151,油密舱壁,oiltight bulkhead,在规定压力下能保持不透油的舱壁。
04.152,防火舱壁,fireproof bulkhead,用以分隔防火区并能限制火灾蔓延的舱壁。
04.153,制荡舱壁,swash bulkhead,液舱内为降低液体剧烈晃动所产生的冲击力而设置的带孔舱壁。
04.154,制荡板,swash plate,"液舱内,为降低液体剧烈晃动而装设的不伸到舱底的竖向平板。"
04.155,局部舱壁,partial bulkhead,沿船宽或船长方向仅延伸至舱室一部分的舱壁。
04.156,舱壁座,bulkhead stool,"舱壁上、下边缘与甲板或船底板之间,加装的梯形断面结构。"
04.157,舱壁龛,bulkhead recess,舱壁的一部分凹入而形成的龛状结构。
04.158,舱壁板,bulkhead plate,组成舱壁的板材。
04.159,舱壁骨架,bulkhead framing,组成舱壁的骨架。
04.160,舱壁扶强材,bulkhead stiffener,"舱壁骨架中,主要承受舱壁压力的骨材。"
04.161,水平桁,horizontal girder,舱壁上，用来支持竖向扶强材或槽型舱壁的水平桁材。
04.162,竖桁,vertical girder,"舱壁上,用来支持水平扶强材、槽形舱壁板或甲板纵析的竖向桁材。"
04.163,轴隧,shaft tunnel,"从机舱到船尾,围罩轴系并可供人员通过的水密隧道。"
04.164,轴隧艉室,tunnei recess,轴隧昵端的扩大部分。
04.165,推力轴承龛,thrust block niche,轴隧前端的扩大部分。
04.166,主机基座,main engine foundation,装设主机用的基座。
04.167,辅机基座,auxiliary seating,装设辅机用的基座。
04.168,锅炉座,"boiler foundation,boiler bearer",装设锅炉用的基座。
04.169,推力轴承座,thrust bearing scating,装设推力轴承用的基座。
04.170,艏部结构,stem structure,"防撞舱壁以前,上甲板以下的船体结构。"
04.171,艏柱,stem,"船体最前端,从船底到甲板,连接两侧外板和龙骨的构件。"
04.172,艏封板,bow transom plate,方形船首的崩端外板。
04.173,强胸结构,panting arrangernent,"航.A部用以抵抗水冲击力,减小局部振动的加强结构。"
04.174,强胸横梁,panting beam,"强胸结构中,用以支撑舷侧纵析的横构件。"
04.175,艉部结构,stern structure,"昵尖舱舱壁以后,.上甲板以下的船体结构。"
04.176,艉封板,stern transom plate,方形船尾的昵端封板。
04.177,艉柱,stern post,"船尾端,从船底到舰肋板,连接两侧外板和龙骨的构件。"
04.178,舵柱,rudder post,挂舵的立柱。
04.179,挂舵臂,rudder horn,支承半悬挂舵的臂状构件。
04.180,推进器柱,propeller post,艉柱结构中用以支承桨轴的竖向弓形构件。
04.181,轴毂,propeller boss,"推进器柱中央,横向鼓出的轴承座。"
04.182,艉柱底骨,sole piece,航柱底部连接螺旋桨柱和舵桂或支承下舵销的杆材。
04.183,高肋板,deep floor,设在航﹑航端的较高的肋板。
04.184,上层建筑,superstructure,"又称“船楼”。上甲板上由一舷伸至另一舷的,或其侧壁板离船侧外板向内不大于4%船宽的围蔽建筑。习惯上又指上甲板以上各种围蔽建筑物的统称。"
04.185,艏楼,forecastle,船首部的船楼。
04.186,桥楼,bridge,船中部的船楼。
04.187,艉楼,poop,船尾部的船楼。
04.188,甲板室,deck house,"上甲板上,外侧璧板距船侧外板向内大于4%船宽的围蔽建筑。"
04.189,围壁,trunk buikhead,上层建筑的前端壁.侧壁和后端壁的总称。
04.190,前端壁,front bulkhead,上层建筑的前壁。
04.191,后端壁,aft bulkhead,上层建筑的后壁。
04.192,炉舱棚,boiler room casing,自锅炉舱通至露天的围井及顶盖。
04.193,檐板,curtain plate,上层建筑甲板自由边缘的围板条。
04.194,天桥,connecting bridge,架设在露天甲板之上，沟通分设的上层建筑之间的通道。
04.195,片体,demihull,双体船的两个单体。
04.196,连接桥,cross structure,连接两个片体的强力结构。
04.197,抗扭箱,torsion box,为抵抗扭矩而设置的箱形结构。
04.198,船体强度,hull strength,船体结构抵抗外界作用力的能力。船宽的围蔽建筑。习惯上又指上甲板以上各种围蔽建筑物的统称。
04.185,道楼,forecastle,船首部的船楼。
04.186,桥楼,bridge,船中部的船楼。
04.187,艉楼,poop,船尾部的船楼。
04.188,甲板室,deck house,"上甲板上,外侧璧板距船侧外板向内大于4%船宽的围蔽建筑。"
04.189,围壁,trunk buikhead,上层建筑的前端壁.侧壁和后端壁的总称。
04.190,前端壁,front bulkhead,上层建筑的前壁。
04.191,后端壁,aft bulkhead,上层建筑的后壁。
04.192,炉舱棚,boiler room casing,自锅炉舱通至露天的围井及顶盖。
04.193,檐板,curtain plate,上层建筑甲板自由边缘的围板条。
04.194,天桥,connecting bridge,架设在露天甲板之上，沟通分设的上层建筑之间的通道。
04.195,片体,demihull,双体船的两个单体。
04.196,连接桥,cross structure,连接两个片体的强力结构。
04.197,抗扭箱,torsion box,为抵抗扭矩而设置的箱形结构。
04.198,船体强度,hull strength,船体结构抵抗外界作用力的能力。
04.199,总纵强度,longitudinal strength,船体抵抗总纵弯曲外力的能力。
04.200,坐坞强度,docking strength,"船舶进坞置于坞墩上时,船体结构抵抗自身重力与墩木反作用力的能力。"
04.201,扭转强度,torsional strength,船体抵抗外扭矩的能力。
04.202,横向强度,transverse strength,船体横向结构抵抗相应外力的能力。
04.203,局部强度,local strengtb,船体菜一局部结构抵抗外力的能力。
04.204,船体板架强度, hull grillage strength,船体板架承受载荷的能力。
04.205,肋骨框架强度,frame ring strength,船体肋骨平面刚架承受载荷的能力。
04.206,上层建筑强度,superstructure strength,上层建筑结构承受载荷的能力。
04.207,波浪要素,wave parameters,表征波浪外形特征的址。主要指波型、波高和波长。
04.208,冲击,impact,船体内部或外部与液体表面突然撞击的现象。
04.209,砰击,slamming,"波面与船底或因箔外飘以及甲板上浪发生的严重冲击,导致船体总振动的现象。"
04.210,捶击,pounding,波面对船侧或船底产生短皙强烈的冲击现象。
04.211,拍击,slapping,波面与船体间产生不严重的冲击现象。
04.212,晃荡,sloshing,船体内部的液体因晃动而产生对船体结构的冲击现象。
04.213,波浪冲击载荷,wave impact load,由于波浪冲击而作用在船体上的载荷。
04.214,海损载荷,damaged load,由海损事故引起的作用在船体结构上的载荷。
04.215,计算状态,rated condition,船体强度计算中所选取的船舶典型工作状态。
04.216,计算载荷,design load,又称“设计载荷”。设计计算状态下所取的作用在船体结构上的载荷。
04.217,砰击载荷,slamrning load,由砰击所引起的作用在船体结构上的载荷。
04.218,冰块挤压力,ice-extruding force,航行于冰区的船舶所受到冰块对船体结构的挤压作用力。
04.219,船体强度标准,strength criteria of ship,"在船舶整体或局部结构的强度计算中,对应于“定的计算方案和方法所规定的应力、变形与载荷的最大容许值。"
04.220,计算水头,calculated water head,计算载荷的相当水柱高度。
04.221,总纵弯曲,longitudinal bending,由作用在船体上的重力、浮力、波浪水动力和惯性力等引起的船体整体绕水平横轴的弯曲。
04.222,中拱,hogging,"船体肿部上拱,道﹑腥部下垂的弯曲状态。"
04.223,中垂,sagging,"船体钟部下垂,新、呢部上翘的弯曲状态。"
04.224,空船重量分布,light weight distri-bution,空船重量沿船长方向的分布。
04.225,载重量分布,deadweight distribu-tion,载重量沿船长方向的分布。
04.226,重量曲线,weight curve,表示在某一计算状态下船舶全部重最沿船长分布状况的曲线。
04.227,浮力曲线,buoyancy curve,表示在某一计算状态下浮力沿船长分布状况的曲线。
04.228,载荷曲线,load curve,"表示船体或构件上载荷沿船长或构件长度分布状况的曲线。在总纵强度计算中,载荷曲线是重量曲线与浮力曲线相应纵坐标差值的曲线。"
04.229,静水剪力,still water shearing force,静水中，由于重力和浮力的作用而在船体横剖面上产生的剪力。
04.230,静水弯矩,still water bending mo-ment,"静水中,由于重力和浮力的作用面在船体横剖面上产生的弯矩。"
04.231,静波浪剪力,still wave shearing force,"船舶静置于波浪上,由于波面下的浮力分布相对于原静水面下的浮力分布的变化而产生的剪力。"
04.232,静波浪弯矩,still wave bending mo-rnent,船舶静置于波浪上，由于波面下的浮力分布相对于原静水面下的浮力分布的变化而产生的弯矩。
04.233,静合成剪力,statical resultant shea-ring force,船体在同一状态下的静水剪力与静波浪剪力的代数和。
04.234,静合成弯矩,statical resultant bend-ing monent,船体在同-状态下的静水弯矩和静波浪弯矩的代数和。
04.235,船体极限弯矩,ultimate bending moment of ship hull," 中横剖面中离中和轴最远的纵向强力构件上的应力达到材料的屈服极限或临界应力时,整个剖面相应地所能承受的弯矩值。"
04.236,动弯矩,dynamical bending moment,"船舶在波浪上运动时,由于波浪水动力、惯性力等作用而产生的弯矩。"
04.237,斜置修正,heading to oblique wave correction,"计算内河船舶静波浪弯矩(剪力)时,考虑到船舶斜置于波浪上的情况,所引进的对水线高度沿船宽变化的修正。"
04.238,波浪水动压力修正,Smith correc-tion,"考虑到波浪中水分子运动所产生的惯性力的影响,而对按静水压力计算的浮力所作的修正。"
04.239,船体等值梁,equivalent hull girder,"将所有参加总纵弯曲的纵向强力构件,不改变它们在船深方向的位置,把它们的断面积归并到船舶的中线面处而构成的就抵抗总纵弯曲而言与船体等效的梁。"
04.240,计算剖面,rated section,在等值梁计算中所选取的可能出现最大应力的船体横剖面。
04.241,纵向强力构件,longitudinal strength member,沿船长方向布置的、参与抵抗总纵弯曲的构件。
04.242,刚性构件,rigid member,在抵抗总纵弯曲时不致失稳的骨材及其带板。
04.243,柔性构件,flexible mernber,可能失稳或其他原因使其抵抗总纵弯曲能力减弱的纵向构件。
04.244,折减系数,reduction coefficient,"在等值梁计算中,将柔性构件的剖面面积化为相当的刚性构件的剖面面积时所乘的系数。"
04.245,船体中和轴,neutral axis of hull girder,船体总纵弯曲的中性面与计算剖面的交线。
04.246,舯剖面惯性矩,monent of inertia of midship section,等值梁计算剖面对其船体中和轴的惯性矩。
04.247,甲板剖面模数,deck section modulus，top section modulus,计算剖面惯性矩除以船体中和轴到强力甲板边缘的距离所得之商。
04.248,船底剖面模数,bottom section mod-ulus,计算剖面惯性矩除以船体中和轴到船底基平面的距离所得之商。
04.249,总纵弯曲正应力,normal stress due to longitudinal bending moment,由总纵弯曲引起的等值梁计算剖面上的正应力。
04.250,总纵弯曲剪应力,shearing stress due to longitudinal bending moment,由总纵弯曲引起的等值梁计算剖面上的剪应力。
04.251,船体水平弯曲强度,hull horizontal bending strength,船体抵杭水平弯曲的能力。
04.252,船体挠度,hull deflection,"船体因总纵弯矩,剪力和温度差所产生的挠度。"
04.253,船体刚度,hull stiffness,船体抵抗总纵弯曲变形的能力。
04.254,承载能力,load carrying capacity,船体结构在破坏前按失效模式可能承受的最大载荷。
04.255,波浪扭矩,wave torsional moment,船舶斜浪航行时，由波浪载荷在船体横剖面上所引起的扭矩。
04.256,货物扭矩,cargo torsional moment,由于货物沿船舶中线呈左、右舷不对称装载所引起的扭矩。
04.257,横摇扭矩,rolling torsional moment,船舶横摇运动在船体横剖面上所引起的扭矩。
04.258,局部弯曲,local bending,船体局部结构或构件在相应的外载荷作用下引起的弯曲。
04.259,应力集中,stress concentration,"结构或构件承受载荷时,在其形状与尺寸突变处所引起应力显著增大的现象。"
04.260,带板,band plate,"在船体结构的强度与稳定性计算中,被认为同骨材和珩材一起工作的并与其毗连的那--部分板。"
04.261,计算图式,rated figure,"计算船体结构的局部强度时,将所计算的实际结构在保持其受力与变形主要特征的前提下,抽象为便于计算的简化力学模型。"
04.262,船体结构稳定性,hull structural stabiliry,船体的某些结构或构件在压力或其他外力作用下保持其原有平衡状态的能力。
04.263,船体概率强度,probabilistic strength of ship,用概率分析方法确定的船体强度。
04.264,船体应力测量,hull stress measure-ment,对船体结构、构件或其结构模型在外载荷作用下所产生的应力(应变)所进行的测量工作。
04.265,总纵强度试验,lorgitudinal strength test,为判断或研究船体总纵强度所进行的试验。
04.266,局部强度试验,local strength test,为判断或研究船体局部结构强度所进行的试验。
04.267,扭转强度试验,torsional strength test,为判断或研究大开口船或其他新型船舶的扭转强度所进行的试验。
04.268,结构试验平台,structure testing platforn,对船体或其分段、板架、构件等模型进行强度试验的专用设备。
04.269,船体结构相似模型,hull structure similar model,按满足一定的相似准则制作的船体结构模型。
04.270,船体振动,ship vibration,船体及其结构的振动。
04.271,船体梁振动,hull girder vibration,船体所发生的，类似于全自由变断面空心梁的振动。
04.272,总振动,global vibration,船体梁所发生的整体性振动。
04.273,垂向弯曲振动,vertical flexural vi-bration,船体梁在中纵剖面内所发生的沿铅垂方向的弯曲振动。
04.274,水平弯曲振动,-horizontal flexural vibration,船体梁在水线面内所发生的水平方向的弯曲振动。
04.275,纵向振动,longitudinal vibration,船体梁各横剖面沿船体纵轴的伸缩往复振动。
04.276,局部振动,local vibration,船体局部结构的振动。
04.277,船体扭转振动,hull torsional vibra-tion,船体横剖面绕纵轴所发生的扭转振动。
04.278,总体一局部耦合振动,coupled vi-bration between huli and local struc-tures,船体梁与其局部结构之间的耦合振动。
04.279,船体振动性态,hull vibration be-haviour,船体结构的振动特征。指模态、频率和阻尼。
04.280,船体固有振动频率,hull natural fre-quency,船体梁各种振动模态的固有频率。决定于其质量、刚度.阻尼和形状等固有性质。
04.281,船体振动阻尼,hull vibration damp-ing,"阻滞船体振动,使其振动能量随时间耗散的作用。主要有流体动力随尼、货物阻尼和结构阻尼。"
04.282,艉部振动,stern vibration,由船上的主要激振源激起的舰部结构区域的船体振动。
04.283,振动烈度,vibration severity,"在规定的试验条件下,重复出现的周期性或稳态而有代表性的最大振幅值。"
04.284,干扰力,exciting force,"又称""激励力”。作用于船舶并使其发生振动的各种作用力的总称。"
04.285,表面力,surface force,"螺旋桨运转时,因水压力变化引起的作用于螺旋桨附近船体外表面上的脉动水压力部分。"
04.286,轴承力,bearing force,通过轴系传递到船体的螺旋桨激振力部分。
04.287,叶频,blade frequency,数值为螺旋桨转速与叶片数之积的频率。
04.288,冲荡,whipping,又称“击振”。船体梁受波浪砰击而产生的船体短时总振动。
04.289,波激振动,springing,"又称“弹振”。当船体的一阶固有频率与遭遇波浪频率相等时,所诱导的稳态二节点垂向振动。"
04.290,振动允许界限,aliowable limit of vi-bration,对船体.设备及人体无严重影响的振动参数的界限值。
04.291,人体振动允许界限,allowable limit of vibration to human body,不致引起人员工.作效率下降、不舒适感和危及人体健康的振动参数的界限值。
04.292,避振穴,cave for damping,在螺旋桨上方船壳板上开设的用以减小螺旋桨脉动水压力的孔穴。
04.293,自由航迹试验,free route test,"船舶以某固定航向且操舵为最小(±2"")航行时,从1/2最大转速到最大转速之间,按3-10档次调速,用以测量船体振动特性的试验。"
04.294,船体振动对数裘减率,hull vibrationlogarithmic decrement,以对数形式表示的船体振动的阻尼值。
04.295,抛锚激振试验,anchor drop andsnub test,"在船舶静止状态下,将锚自由下落,并在触及海底前急速制动,以激起船体振动的试验。"
04.296,激振试验,exciter test,"在船上安装激振机等方法,用以改变激励力及其频率,来激起船体不同形式的振动,以测量船体固有频率、振形和阻尼的试验。"
04.297,激振机,vibration exciter,用来激起可控制的周期性扰动力使结构产生受迫振动的装置。
04.298,船舶振动测量,measurement of ship vibration,"船体梁总振动时,对船体局部结构和某些设备的振动频率、加速度、速度和振幅等参数的测量。"
04.299,船舶噪声,ship noise,船舶上各种噪声源所引起噪声的总称。
04.300,结构噪声,structure borne noise,又称“固体噪声”。固体构件(如机器基座、船体结构等)受激励振动及振动传递所产生的噪声。
04.301,机械噪声,mechanical noise,机械运转中由机件的摩擦﹑撞击、不平衡力等作用引起机件本身以及机体的振动而产生的噪声。
04.302,螺旋桨噪声,propeller noise,螺旋桨产生的湍流、以及桨叶、轴系等机械振动所产生的噪声。
